{"images":["/content/dam/formsanddocuments/wknd-adventures/templates/rentalAgreementDOR.xdp/jcr:content/renditions/crTool/page1.png"],"pages":[{"jsonClass":"Page","number":1,"children":[{"jsonClass":"Field","bounds":{"box":{"x":168.0,"y":227.80000000000004,"w":624.2,"h":35.88031496062993},"confidence":0.0},"confidences":{"Field":1.0},"name":"agreementDate","id":"_3","title":{"textBlock":{"jsonClass":"TextBlock","bounds":{"box":{"x":168.0,"y":235.0,"w":158.0,"h":22.0},"confidence":0.0},"confidences":{"TextBlock":1.0},"id":"e1a418ff-f9fd-41b6-8c98-3fca64cf998c","category":{"typeOf":"Caption","confidence":0.0},"textRuns":[{"jsonClass":"TextRun","bounds":{"box":{"x":168.0,"y":235.0,"w":158.0,"h":22.0},"confidence":0.0},"confidences":{"TextRun":1.0},"text":"Agreement Date:","glyphs":[],"bold":false,"italic":false,"underline":false,"subScript":false,"superScript":false,"fontFamily":"Myriad Pro","fontSize":"8","color":"rgb(128,128,128)","extras":{},"richText":"Agreement Date:"}],"extras":{},"layout":{"jsonClass":"FullWidth$"}},"confidence":0.0},"category":{"typeOf":"Date","confidence":0.0},"widgets":[{"jsonClass":"Widget","bounds":{"box":{"x":367.8,"y":227.80000000000004,"w":424.40000000000003,"h":35.880314960629924},"confidence":0.0},"confidences":{"Widget":1.0},"category":{"typeOf":"SingleLine","confidence":0.0},"extras":{}}],"extras":{"XfaDomJson":{"_value":"November 22, 2022","mandatory":"false","visible":"true","jcr:primaryType":"nt:unstructured","flamingo_bindRef":"/rentalAgreement/agreementDate","enabled":"false","guideNodeClass":"guideDatePicker","sling:resourceType":"fd/af/components/guidedatepicker"},"FromXfa":true,"crTool":{"name":"agreement_date","_value":"November 22, 2022","mandatory":"false","visible":"true","jcr:primaryType":"nt:unstructured","flamingo_bindRef":"/agreementDate","enabled":"false","guideNodeClass":"guideDatePicker","sling:resourceType":"fd/af/components/guidedatepicker","flamingo_fromXfa":true,"jcr:title":"Agreement Date:","bindRef":"/agreementDate","keywords":"agreement date"}},"layout":{"jsonClass":"FullWidth$"}},{"jsonClass":"Field","bounds":{"box":{"x":168.0,"y":280.0,"w":624.1251968503936,"h":51.480314960629926},"confidence":0.0},"confidences":{"Field":1.0},"name":"accountNo","id":"_4","title":{"textBlock":{"jsonClass":"TextBlock","bounds":{"box":{"x":168.0,"y":295.0,"w":163.0,"h":22.0},"confidence":0.0},"confidences":{"TextBlock":1.0},"id":"e321e09c-bead-4b66-b1cc-b027636648f5","category":{"typeOf":"Caption","confidence":0.0},"textRuns":[{"jsonClass":"TextRun","bounds":{"box":{"x":168.0,"y":295.0,"w":163.0,"h":22.0},"confidence":0.0},"confidences":{"TextRun":1.0},"text":"Account Number:","glyphs":[],"bold":false,"italic":false,"underline":false,"subScript":false,"superScript":false,"fontFamily":"Myriad Pro","fontSize":"8","color":"rgb(128,128,128)","extras":{},"richText":"Account Number:"}],"extras":{},"layout":{"jsonClass":"FullWidth$"}},"confidence":0.0},"category":{"typeOf":"Text","confidence":0.0},"widgets":[{"jsonClass":"Widget","bounds":{"box":{"x":367.8748031496063,"y":280.0,"w":424.2503937007874,"h":51.480314960629926},"confidence":0.0},"confidences":{"Widget":1.0},"category":{"typeOf":"SingleLine","confidence":0.0},"extras":{}}],"extras":{"XfaDomJson":{"mandatory":"false","visible":"true","jcr:primaryType":"nt:unstructured","flamingo_bindRef":"/rentalAgreement/accountNo","enabled":"true","guideNodeClass":"guideTextBox","sling:resourceType":"fd/af/components/guidetextbox"},"FromXfa":true,"crTool":{"name":"account_number","mandatory":"false","visible":"true","jcr:primaryType":"nt:unstructured","flamingo_bindRef":"/accountNo","enabled":"true","guideNodeClass":"guideTextBox","sling:resourceType":"fd/af/components/guidetextbox","flamingo_fromXfa":true,"jcr:title":"Account Number:","bindRef":"/accountNo"}},"layout":{"jsonClass":"FullWidth$"}},{"jsonClass":"Section","bounds":{"box":{"x":167.8748031496063,"y":386.0,"w":1164.2724409448817,"h":281.4803149606299},"confidence":0.0},"confidences":{"Section":0.5404054522514343},"id":"ab5470c8-505e-4aa6-979f-4edcda404602","title":{"textBlock":{"jsonClass":"TextBlock","bounds":{"box":{"x":168.0,"y":386.0,"w":258.0,"h":31.0},"confidence":0.0},"confidences":{"SectionTitle":0.5566490888595581},"id":"2afdb9fa-58e2-4283-a290-23feae76337a","category":{"typeOf":"Title","confidence":0.0},"textRuns":[{"jsonClass":"TextRun","bounds":{"box":{"x":168.0,"y":386.0,"w":258.0,"h":31.0},"confidence":0.0},"confidences":{"TextRun":1.0},"text":"Contact Information","glyphs":[],"bold":false,"italic":false,"underline":false,"subScript":false,"superScript":false,"fontFamily":"Myriad Pro","fontSize":"11","color":"rgb(0,0,0)","extras":{},"richText":"Contact Information"}],"predictedBoundingBox":{"x":168.76478576660156,"y":379.5577087402344,"w":249.79942321777344,"h":36.34820556640625},"extras":{},"layout":{"jsonClass":"FullWidth$"}},"confidence":0.0},"children":[{"jsonClass":"Field","bounds":{"box":{"x":167.8748031496063,"y":435.0,"w":224.2503937007874,"h":72.48031496062993},"confidence":0.0},"confidences":{"Field":1.0},"name":"firstName","id":"_9","title":{"textBlock":{"jsonClass":"TextBlock","bounds":{"box":{"x":168.0,"y":435.0,"w":99.0,"h":22.0},"confidence":0.0},"confidences":{"TextBlock":1.0},"id":"c6e57625-f369-4e64-a226-b4eb95933e26","category":{"typeOf":"Caption","confidence":0.0},"textRuns":[{"jsonClass":"TextRun","bounds":{"box":{"x":168.0,"y":435.0,"w":99.0,"h":22.0},"confidence":0.0},"confidences":{"TextRun":1.0},"text":"First Name","glyphs":[],"bold":false,"italic":false,"underline":false,"subScript":false,"superScript":false,"fontFamily":"Myriad Pro","fontSize":"8","color":"rgb(128,128,128)","extras":{},"richText":"First Name"}],"extras":{},"layout":{"jsonClass":"FullWidth$"}},"confidence":0.0},"category":{"typeOf":"Text","confidence":0.0},"widgets":[{"jsonClass":"Widget","bounds":{"box":{"x":167.8748031496063,"y":460.0,"w":224.2503937007874,"h":47.480314960629926},"confidence":0.0},"confidences":{"Widget":1.0},"category":{"typeOf":"SingleLine","confidence":0.0},"extras":{}}],"extras":{"XfaDomJson":{"mandatory":"false","visible":"true","jcr:primaryType":"nt:unstructured","flamingo_bindRef":"/rentalAgreement/firstName","enabled":"true","guideNodeClass":"guideTextBox","sling:resourceType":"fd/af/components/guidetextbox"},"FromXfa":true,"crTool":{"longDescription":"In the United States, a given name represents the first name of a person. Use this property along with familyName property instead of the name property.","name":"first_name","mandatory":"false","visible":"true","jcr:primaryType":"nt:unstructured","flamingo_bindRef":"/firstName","enabled":"true","guideNodeClass":"guideTextBox","sling:resourceType":"fd/af/components/guidetextbox","flamingo_fromXfa":true,"jcr:title":"First Name","bindRef":"/firstName","keywords":"first name","schemaMeaning":"first name"}},"layout":{"jsonClass":"FullWidth$"}},{"jsonClass":"Field","bounds":{"box":{"x":407.8748031496063,"y":435.0,"w":524.2503937007873,"h":72.48031496062993},"confidence":0.0},"confidences":{"Field":1.0},"name":"lastName","id":"_10","title":{"textBlock":{"jsonClass":"TextBlock","bounds":{"box":{"x":408.0,"y":435.0,"w":97.0,"h":22.0},"confidence":0.0},"confidences":{"TextBlock":1.0},"id":"c2445167-8976-4727-b7f4-e769a0d865ca","category":{"typeOf":"Caption","confidence":0.0},"textRuns":[{"jsonClass":"TextRun","bounds":{"box":{"x":408.0,"y":435.0,"w":97.0,"h":22.0},"confidence":0.0},"confidences":{"TextRun":1.0},"text":"Last Name","glyphs":[],"bold":false,"italic":false,"underline":false,"subScript":false,"superScript":false,"fontFamily":"Myriad Pro","fontSize":"8","color":"rgb(128,128,128)","extras":{},"richText":"Last Name"}],"extras":{},"layout":{"jsonClass":"FullWidth$"}},"confidence":0.0},"category":{"typeOf":"Text","confidence":0.0},"widgets":[{"jsonClass":"Widget","bounds":{"box":{"x":407.8748031496063,"y":460.0,"w":524.2503937007874,"h":47.480314960629926},"confidence":0.0},"confidences":{"Widget":1.0},"category":{"typeOf":"SingleLine","confidence":0.0},"extras":{}}],"extras":{"XfaDomJson":{"mandatory":"false","visible":"true","jcr:primaryType":"nt:unstructured","flamingo_bindRef":"/rentalAgreement/lastName","enabled":"true","guideNodeClass":"guideTextBox","sling:resourceType":"fd/af/components/guidetextbox"},"FromXfa":true,"crTool":{"name":"last_name","mandatory":"false","visible":"true","jcr:primaryType":"nt:unstructured","flamingo_bindRef":"/lastName","enabled":"true","guideNodeClass":"guideTextBox","sling:resourceType":"fd/af/components/guidetextbox","flamingo_fromXfa":true,"jcr:title":"Last Name","bindRef":"/lastName","keywords":"name","schemaMeaning":"name"}},"layout":{"jsonClass":"FullWidth$"}},{"jsonClass":"Field","bounds":{"box":{"x":967.9141732283464,"y":435.0,"w":364.2330708661417,"h":72.48031496062993},"confidence":0.0},"confidences":{"Field":1.0},"name":"emailAddress","id":"_15","title":{"textBlock":{"jsonClass":"TextBlock","bounds":{"box":{"x":968.0,"y":435.0,"w":130.0,"h":22.0},"confidence":0.0},"confidences":{"TextBlock":1.0},"id":"7a65e5ea-d346-4b1d-95ec-95926f09b296","category":{"typeOf":"Caption","confidence":0.0},"textRuns":[{"jsonClass":"TextRun","bounds":{"box":{"x":968.0,"y":435.0,"w":130.0,"h":22.0},"confidence":0.0},"confidences":{"TextRun":1.0},"text":"Email Address","glyphs":[],"bold":false,"italic":false,"underline":false,"subScript":false,"superScript":false,"fontFamily":"Myriad Pro","fontSize":"8","color":"rgb(128,128,128)","extras":{},"richText":"Email Address"}],"extras":{},"layout":{"jsonClass":"FullWidth$"}},"confidence":0.0},"category":{"typeOf":"Email","confidence":0.0},"widgets":[{"jsonClass":"Widget","bounds":{"box":{"x":967.9141732283464,"y":460.0,"w":364.2330708661417,"h":47.480314960629926},"confidence":0.0},"confidences":{"Widget":1.0},"category":{"typeOf":"SingleLine","confidence":0.0},"extras":{}}],"extras":{"XfaDomJson":{"mandatory":"false","visible":"true","jcr:primaryType":"nt:unstructured","flamingo_bindRef":"/rentalAgreement/emailAddress","enabled":"true","guideNodeClass":"guideTextBox","sling:resourceType":"fd/af/components/guidetextbox"},"FromXfa":true,"crTool":{"longDescription":"Specify the e-mail address for the contact point.","name":"email_address","mandatory":"false","visible":"true","jcr:primaryType":"nt:unstructured","validatePictureClause":"^(([^\u003c\u003e()\\[\\]\\.,;:\\s@\"]+(\\.[^\u003c\u003e()\\[\\]\\\\.,;:\\s@\"]+)*)|(\".+\"))@((\\[[0-9]{1,3}\\.[0-9]{1,3}\\.[0-9]{1,3}\\.[0-9]{1,3}])|(([a-zA-Z\\-0-9]+\\.)+[a-zA-Z]{2,}))$","flamingo_bindRef":"/emailAddress","enabled":"true","guideNodeClass":"guideTextBox","sling:resourceType":"fd/af/components/guideemail","flamingo_fromXfa":true,"jcr:title":"Email Address","bindRef":"/emailAddress","keywords":"email address","schemaMeaning":"email address"}},"layout":{"jsonClass":"FullWidth$"}},{"jsonClass":"Field","bounds":{"box":{"x":167.8748031496063,"y":515.0,"w":764.2503937007873,"h":72.48031496062993},"confidence":0.0},"confidences":{"Field":1.0},"name":"address","id":"_11","title":{"textBlock":{"jsonClass":"TextBlock","bounds":{"box":{"x":168.0,"y":515.0,"w":75.0,"h":22.0},"confidence":0.0},"confidences":{"TextBlock":1.0},"id":"183a6476-40be-4961-a5d1-c35a3d641ed1","category":{"typeOf":"Caption","confidence":0.0},"textRuns":[{"jsonClass":"TextRun","bounds":{"box":{"x":168.0,"y":515.0,"w":75.0,"h":22.0},"confidence":0.0},"confidences":{"TextRun":1.0},"text":"Address","glyphs":[],"bold":false,"italic":false,"underline":false,"subScript":false,"superScript":false,"fontFamily":"Myriad Pro","fontSize":"8","color":"rgb(128,128,128)","extras":{},"richText":"Address"}],"extras":{},"layout":{"jsonClass":"FullWidth$"}},"confidence":0.0},"category":{"typeOf":"Text","confidence":0.0},"widgets":[{"jsonClass":"Widget","bounds":{"box":{"x":167.8748031496063,"y":540.0,"w":764.2503937007874,"h":47.480314960629926},"confidence":0.0},"confidences":{"Widget":1.0},"category":{"typeOf":"SingleLine","confidence":0.0},"extras":{}}],"extras":{"XfaDomJson":{"mandatory":"false","visible":"true","jcr:primaryType":"nt:unstructured","flamingo_bindRef":"/rentalAgreement/address","enabled":"true","guideNodeClass":"guideTextBox","sling:resourceType":"fd/af/components/guidetextbox"},"FromXfa":true,"crTool":{"name":"address","mandatory":"false","visible":"true","jcr:primaryType":"nt:unstructured","flamingo_bindRef":"/address","enabled":"true","guideNodeClass":"guideTextBox","sling:resourceType":"fd/af/components/guidetextbox","flamingo_fromXfa":true,"jcr:title":"Address","bindRef":"/address","keywords":"address","schemaMeaning":"address"}},"layout":{"jsonClass":"FullWidth$"}},{"jsonClass":"Field","bounds":{"box":{"x":967.9141732283464,"y":515.0,"w":364.2330708661417,"h":72.48031496062993},"confidence":0.0},"confidences":{"Field":1.0},"name":"phone","id":"_16","title":{"textBlock":{"jsonClass":"TextBlock","bounds":{"box":{"x":968.0,"y":515.0,"w":99.0,"h":22.0},"confidence":0.0},"confidences":{"TextBlock":1.0},"id":"273cfb48-3b38-42b4-a72f-c25d93227b54","category":{"typeOf":"Caption","confidence":0.0},"textRuns":[{"jsonClass":"TextRun","bounds":{"box":{"x":968.0,"y":515.0,"w":99.0,"h":22.0},"confidence":0.0},"confidences":{"TextRun":1.0},"text":"Cell Phone","glyphs":[],"bold":false,"italic":false,"underline":false,"subScript":false,"superScript":false,"fontFamily":"Myriad Pro","fontSize":"8","color":"rgb(128,128,128)","extras":{},"richText":"Cell Phone"}],"extras":{},"layout":{"jsonClass":"FullWidth$"}},"confidence":0.0},"category":{"typeOf":"Text","confidence":0.0},"widgets":[{"jsonClass":"Widget","bounds":{"box":{"x":967.9141732283464,"y":540.0,"w":364.2330708661417,"h":47.480314960629926},"confidence":0.0},"confidences":{"Widget":1.0},"category":{"typeOf":"SingleLine","confidence":0.0},"extras":{}}],"extras":{"XfaDomJson":{"mandatory":"false","visible":"true","jcr:primaryType":"nt:unstructured","flamingo_bindRef":"/rentalAgreement/phone[*]","enabled":"true","guideNodeClass":"guideTextBox","sling:resourceType":"fd/af/components/guidetextbox","displayPictureClause":"text{\u0027(\u0027999\u0027)\u0027 999-9999}"},"FromXfa":true,"crTool":{"name":"cell_phone","mandatory":"false","visible":"true","jcr:primaryType":"nt:unstructured","flamingo_bindRef":"/phone[*]","enabled":"true","guideNodeClass":"guideTextBox","sling:resourceType":"fd/af/components/guidetextbox","flamingo_fromXfa":true,"jcr:title":"Cell Phone","bindRef":"/phone","displayPictureClause":"text{\u0027(\u0027999\u0027)\u0027 999-9999}"}},"layout":{"jsonClass":"FullWidth$"}},{"jsonClass":"Field","bounds":{"box":{"x":167.8748031496063,"y":595.0,"w":224.2503937007874,"h":72.48031496062993},"confidence":0.0},"confidences":{"Field":1.0},"name":"city","id":"_12","title":{"textBlock":{"jsonClass":"TextBlock","bounds":{"box":{"x":168.0,"y":595.0,"w":36.0,"h":22.0},"confidence":0.0},"confidences":{"TextBlock":1.0},"id":"9d3fe210-8228-4119-854d-67da60304219","category":{"typeOf":"Caption","confidence":0.0},"textRuns":[{"jsonClass":"TextRun","bounds":{"box":{"x":168.0,"y":595.0,"w":36.0,"h":22.0},"confidence":0.0},"confidences":{"TextRun":1.0},"text":"City","glyphs":[],"bold":false,"italic":false,"underline":false,"subScript":false,"superScript":false,"fontFamily":"Myriad Pro","fontSize":"8","color":"rgb(128,128,128)","extras":{},"richText":"City"}],"extras":{},"layout":{"jsonClass":"FullWidth$"}},"confidence":0.0},"category":{"typeOf":"Text","confidence":0.0},"widgets":[{"jsonClass":"Widget","bounds":{"box":{"x":167.8748031496063,"y":620.0,"w":224.2503937007874,"h":47.480314960629926},"confidence":0.0},"confidences":{"Widget":1.0},"category":{"typeOf":"SingleLine","confidence":0.0},"extras":{}}],"extras":{"XfaDomJson":{"mandatory":"false","visible":"true","jcr:primaryType":"nt:unstructured","flamingo_bindRef":"/rentalAgreement/city","enabled":"true","guideNodeClass":"guideTextBox","sling:resourceType":"fd/af/components/guidetextbox"},"FromXfa":true,"crTool":{"longDescription":"Specify the city that is included as a part of the postal address. For example, Mountain View.","name":"city","mandatory":"false","visible":"true","jcr:primaryType":"nt:unstructured","flamingo_bindRef":"/city","enabled":"true","guideNodeClass":"guideTextBox","sling:resourceType":"fd/af/components/guidetextbox","flamingo_fromXfa":true,"jcr:title":"City","bindRef":"/city","keywords":"city","schemaMeaning":"city"}},"layout":{"jsonClass":"FullWidth$"}},{"jsonClass":"Field","bounds":{"box":{"x":407.8748031496063,"y":595.0,"w":344.25039370078736,"h":72.48031496062993},"confidence":0.0},"confidences":{"Field":1.0},"name":"stateProv","id":"_13","title":{"textBlock":{"jsonClass":"TextBlock","bounds":{"box":{"x":408.0,"y":595.0,"w":145.0,"h":22.0},"confidence":0.0},"confidences":{"TextBlock":1.0},"id":"f7f623b1-b08d-4470-8bf0-19f70bd1fa15","category":{"typeOf":"Caption","confidence":0.0},"textRuns":[{"jsonClass":"TextRun","bounds":{"box":{"x":408.0,"y":595.0,"w":145.0,"h":22.0},"confidence":0.0},"confidences":{"TextRun":1.0},"text":"State / Province","glyphs":[],"bold":false,"italic":false,"underline":false,"subScript":false,"superScript":false,"fontFamily":"Myriad Pro","fontSize":"8","color":"rgb(128,128,128)","extras":{},"richText":"State / Province"}],"extras":{},"layout":{"jsonClass":"FullWidth$"}},"confidence":0.0},"category":{"typeOf":"Text","confidence":0.0},"widgets":[{"jsonClass":"Widget","bounds":{"box":{"x":407.8748031496063,"y":620.0,"w":344.2503937007874,"h":47.480314960629926},"confidence":0.0},"confidences":{"Widget":1.0},"category":{"typeOf":"SingleLine","confidence":0.0},"extras":{}}],"extras":{"XfaDomJson":{"mandatory":"false","visible":"true","jcr:primaryType":"nt:unstructured","flamingo_bindRef":"/rentalAgreement/stateProv","enabled":"true","guideNodeClass":"guideTextBox","sling:resourceType":"fd/af/components/guidetextbox"},"FromXfa":true,"crTool":{"name":"state_province","mandatory":"false","visible":"true","jcr:primaryType":"nt:unstructured","flamingo_bindRef":"/stateProv","enabled":"true","guideNodeClass":"guideTextBox","sling:resourceType":"fd/af/components/guidetextbox","flamingo_fromXfa":true,"jcr:title":"State / Province","bindRef":"/stateProv"}},"layout":{"jsonClass":"FullWidth$"}},{"jsonClass":"Field","bounds":{"box":{"x":767.8748031496064,"y":595.0,"w":164.2503937007874,"h":72.48031496062993},"confidence":0.0},"confidences":{"Field":1.0},"name":"postalZip","id":"_14","title":{"textBlock":{"jsonClass":"TextBlock","bounds":{"box":{"x":768.0,"y":595.0,"w":157.0,"h":22.0},"confidence":0.0},"confidences":{"TextBlock":1.0},"id":"64b6420c-1de9-44c9-afe7-63707f3fcbf3","category":{"typeOf":"Caption","confidence":0.0},"textRuns":[{"jsonClass":"TextRun","bounds":{"box":{"x":768.0,"y":595.0,"w":157.0,"h":22.0},"confidence":0.0},"confidences":{"TextRun":1.0},"text":"Postal Code / Zip","glyphs":[],"bold":false,"italic":false,"underline":false,"subScript":false,"superScript":false,"fontFamily":"Myriad Pro","fontSize":"8","color":"rgb(128,128,128)","extras":{},"richText":"Postal Code / Zip"}],"extras":{},"layout":{"jsonClass":"FullWidth$"}},"confidence":0.0},"category":{"typeOf":"Text","confidence":0.0},"widgets":[{"jsonClass":"Widget","bounds":{"box":{"x":767.8748031496064,"y":620.0,"w":164.2503937007874,"h":47.480314960629926},"confidence":0.0},"confidences":{"Widget":1.0},"category":{"typeOf":"SingleLine","confidence":0.0},"extras":{}}],"extras":{"XfaDomJson":{"mandatory":"false","visible":"true","jcr:primaryType":"nt:unstructured","flamingo_bindRef":"/rentalAgreement/postalZip","enabled":"true","guideNodeClass":"guideTextBox","sling:resourceType":"fd/af/components/guidetextbox"},"FromXfa":true,"crTool":{"name":"postal_code_zip","mandatory":"false","visible":"true","jcr:primaryType":"nt:unstructured","flamingo_bindRef":"/postalZip","enabled":"true","guideNodeClass":"guideTextBox","sling:resourceType":"fd/af/components/guidetextbox","flamingo_fromXfa":true,"jcr:title":"Postal Code / Zip","bindRef":"/postalZip"}},"layout":{"jsonClass":"FullWidth$"}}],"extras":{"crTool":{"name":"contact_information","guideNodeClass":"guidePanel","jcr:description":"Contact Information","sling:resourceType":"fd/af/components/panel","jcr:title":"Contact Information"}},"layout":{"jsonClass":"FullWidth$"}},{"jsonClass":"Section","bounds":{"box":{"x":160.0,"y":695.0,"w":1419.3165354330708,"h":956.1803149606299},"confidence":0.0},"confidences":{"Section":0.3399808704853058},"id":"22928954-1735-485d-9660-560c3821bb11","children":[{"jsonClass":"Section","bounds":{"box":{"x":160.0,"y":695.0,"w":1419.3165354330708,"h":823.0},"confidence":0.0},"confidences":{"Section":1.0},"id":"aeedfd86-4f4e-4c87-86da-098d0d1fa6fa","children":[{"jsonClass":"Section","bounds":{"box":{"x":160.0,"y":695.0,"w":1419.3165354330708,"h":547.7803149606298},"confidence":0.0},"confidences":{"Section":0.402675598859787},"id":"f18a5c0c-64f9-4f8f-b95f-edfa1a6fe890","children":[{"jsonClass":"TextBlock","bounds":{"box":{"x":164.0,"y":695.0,"w":1410.0,"h":197.0},"confidence":0.0},"confidences":{"SectionTitle":0.5803532004356384},"id":"692f7817-e386-41b4-bb60-a52b38030fce","category":{"typeOf":"StaticText","confidence":0.0},"textRuns":[{"jsonClass":"TextRun","bounds":{"box":{"x":164.0,"y":695.0,"w":87.0,"h":31.0},"confidence":0.0},"confidences":{"TextRun":1.0},"text":"Details","glyphs":[],"bold":false,"italic":false,"underline":false,"subScript":false,"superScript":false,"fontFamily":"Myriad Pro","fontSize":"11","color":"rgb(0,0,0)","extras":{},"richText":"Details"},{"jsonClass":"TextRun","bounds":{"box":{"x":164.0,"y":737.0,"w":1366.0,"h":22.0},"confidence":0.0},"confidences":{"TextRun":1.0},"text":"Cras mattis tellus vitae sapien elementum viverra. Quisque vel scelerisque erat, vel mattis dolor. Aliquam quis molestie neque. Vestibulum dignissim","glyphs":[],"bold":false,"italic":false,"underline":false,"subScript":false,"superScript":false,"fontFamily":"Myriad Pro","fontSize":"8","color":"rgb(0,0,0)","extras":{},"richText":"Cras mattis tellus vitae sapien elementum viverra. Quisque vel scelerisque erat, vel mattis dolor. Aliquam quis molestie neque. Vestibulum dignissim"},{"jsonClass":"TextRun","bounds":{"box":{"x":164.0,"y":763.0,"w":1383.0,"h":23.0},"confidence":0.0},"confidences":{"TextRun":1.0},"text":"massa id lorem eleifend molestie id in nisi. In pretium, sapien eget imperdiet dapibus, nunc justo aliquam est, sed consequat turpis mauris in felis. Sed","glyphs":[],"bold":false,"italic":false,"underline":false,"subScript":false,"superScript":false,"fontFamily":"Myriad Pro","fontSize":"8","color":"rgb(0,0,0)","extras":{},"richText":"massa id lorem eleifend molestie id in nisi. In pretium, sapien eget imperdiet dapibus, nunc justo aliquam est, sed consequat turpis mauris in felis. Sed"},{"jsonClass":"TextRun","bounds":{"box":{"x":164.0,"y":790.0,"w":1389.0,"h":22.0},"confidence":0.0},"confidences":{"TextRun":1.0},"text":"semper condimentum nisl, nec tempor velit auctor nec. Donec hendrerit egestas dui, et feugiat elit vulputate ut. Interdum et malesuada fames ac ante","glyphs":[],"bold":false,"italic":false,"underline":false,"subScript":false,"superScript":false,"fontFamily":"Myriad Pro","fontSize":"8","color":"rgb(0,0,0)","extras":{},"richText":"semper condimentum nisl, nec tempor velit auctor nec. Donec hendrerit egestas dui, et feugiat elit vulputate ut. Interdum et malesuada fames ac ante"},{"jsonClass":"TextRun","bounds":{"box":{"x":164.0,"y":817.0,"w":1369.0,"h":22.0},"confidence":0.0},"confidences":{"TextRun":1.0},"text":"ipsum primis in faucibus. Nullam urna leo, blandit at rutrum eu, dignissim et elit. Nam pellentesque tincidunt dignissim. Praesent sed gravida nisi, eu","glyphs":[],"bold":false,"italic":false,"underline":false,"subScript":false,"superScript":false,"fontFamily":"Myriad Pro","fontSize":"8","color":"rgb(0,0,0)","extras":{},"richText":"ipsum primis in faucibus. Nullam urna leo, blandit at rutrum eu, dignissim et elit. Nam pellentesque tincidunt dignissim. Praesent sed gravida nisi, eu"},{"jsonClass":"TextRun","bounds":{"box":{"x":164.0,"y":843.0,"w":1410.0,"h":23.0},"confidence":0.0},"confidences":{"TextRun":1.0},"text":"ultricies nisi. Morbi ac mi purus. Morbi euismod felis a purus tristique, id luctus sapien volutpat. Etiam ullamcorper nisi vitae nisi sagittis, in aliquam lorem","glyphs":[],"bold":false,"italic":false,"underline":false,"subScript":false,"superScript":false,"fontFamily":"Myriad Pro","fontSize":"8","color":"rgb(0,0,0)","extras":{},"richText":"ultricies nisi. Morbi ac mi purus. Morbi euismod felis a purus tristique, id luctus sapien volutpat. Etiam ullamcorper nisi vitae nisi sagittis, in aliquam lorem"},{"jsonClass":"TextRun","bounds":{"box":{"x":164.0,"y":870.0,"w":433.0,"h":22.0},"confidence":0.0},"confidences":{"TextRun":1.0},"text":"mollis. Sed vel leo non mi consectetur egestas.","glyphs":[],"bold":false,"italic":false,"underline":false,"subScript":false,"superScript":false,"fontFamily":"Myriad Pro","fontSize":"8","color":"rgb(0,0,0)","extras":{},"richText":"mollis. Sed vel leo non mi consectetur egestas."}],"predictedBoundingBox":{"x":164.10470581054688,"y":689.1323852539062,"w":88.888427734375,"h":34.5545654296875},"extras":{"crTool":{"name":"details_txt1","_value":"\u003cp\u003eDetails\u003c/p\u003e\u003cp\u003eCras mattis tellus vitae sapien elementum viverra. Quisque vel scelerisque erat, vel mattis dolor. Aliquam quis molestie neque. Vestibulum dignissim massa id lorem eleifend molestie id in nisi. In pretium, sapien eget imperdiet dapibus, nunc justo aliquam est, sed consequat turpis mauris in felis. Sed semper condimentum nisl, nec tempor velit auctor nec. Donec hendrerit egestas dui, et feugiat elit vulputate ut. Interdum et malesuada fames ac ante ipsum primis in faucibus. Nullam urna leo, blandit at rutrum eu, dignissim et elit. Nam pellentesque tincidunt dignissim. Praesent sed gravida nisi, eu ultricies nisi. Morbi ac mi purus. Morbi euismod felis a purus tristique, id luctus sapien volutpat. Etiam ullamcorper nisi vitae nisi sagittis, in aliquam lorem mollis. Sed vel leo non mi consectetur egestas.\u003c/p\u003e","guideNodeClass":"guideTextDraw","sling:resourceType":"fd/af/components/guidetextdraw","flamingo_keywords":["details"]}},"layout":{"jsonClass":"FullWidth$"}},{"jsonClass":"Table","maxCellCount":0,"bounds":{"box":{"x":160.0,"y":942.7803149606299,"w":1419.3165354330708,"h":300.0},"confidence":0.0},"confidences":{"Table":1.0},"name":"rental","id":"_21","rows":[{"jsonClass":"TableRow","bounds":{"box":{"x":160.0,"y":942.7803149606299,"w":1419.3165354330708,"h":50.0},"confidence":0.0},"confidences":{"TableRow":1.0},"cells":[{"jsonClass":"TableCell","bounds":{"box":{"x":160.0,"y":942.7803149606299,"w":146.5448818897638,"h":50.0},"confidence":0.0},"confidences":{"TableColHeaderCell":1.0},"item":{"jsonClass":"TextBlock","bounds":{"box":{"x":204.0,"y":953.0,"w":58.0,"h":30.0},"confidence":0.0},"confidences":{"TextBlock":1.0},"name":"Cell1","id":"_23","category":{"typeOf":"StaticText","confidence":0.0},"textRuns":[{"jsonClass":"TextRun","bounds":{"box":{"x":204.0,"y":953.0,"w":58.0,"h":30.0},"confidence":0.0},"confidences":{"TextRun":1.0},"text":"Item","glyphs":[],"bold":false,"italic":false,"underline":false,"subScript":false,"superScript":false,"fontFamily":"Myriad Pro","fontSize":"11","color":"rgb(0,0,0)","extras":{},"richText":"Item"}],"extras":{"crTool":{"name":"item_txt","_value":"\u003cp\u003eItem\u003c/p\u003e","hideTitle":true,"guideNodeClass":"guideTextDraw","sling:resourceType":"fd/af/components/guidetextdraw","flamingo_keywords":["item"],"colspan":"1"}},"layout":{"jsonClass":"FullWidth$"}},"id":"7b0e4601-568a-4395-ae06-00f8c68aa226","category":{"typeOf":"ColHeaderCell","confidence":0.0},"rowSpan":1,"colSpan":1,"extras":{}},{"jsonClass":"TableCell","bounds":{"box":{"x":306.5448818897638,"y":942.7803149606299,"w":672.7724409448819,"h":50.0},"confidence":0.0},"confidences":{"TableColHeaderCell":1.0},"item":{"jsonClass":"TextBlock","bounds":{"box":{"x":569.0,"y":953.0,"w":147.0,"h":30.0},"confidence":0.0},"confidences":{"TextBlock":1.0},"name":"Cell2","id":"_24","category":{"typeOf":"StaticText","confidence":0.0},"textRuns":[{"jsonClass":"TextRun","bounds":{"box":{"x":569.0,"y":953.0,"w":147.0,"h":30.0},"confidence":0.0},"confidences":{"TextRun":1.0},"text":"Description","glyphs":[],"bold":false,"italic":false,"underline":false,"subScript":false,"superScript":false,"fontFamily":"Myriad Pro","fontSize":"11","color":"rgb(0,0,0)","extras":{},"richText":"Description"}],"extras":{"crTool":{"name":"description_txt","_value":"\u003cp\u003eDescription\u003c/p\u003e","hideTitle":true,"guideNodeClass":"guideTextDraw","sling:resourceType":"fd/af/components/guidetextdraw","flamingo_keywords":["description"],"colspan":"1"}},"layout":{"jsonClass":"FullWidth$"}},"id":"c46100bc-d79c-453f-b372-bd4c8bca4142","category":{"typeOf":"ColHeaderCell","confidence":0.0},"rowSpan":1,"colSpan":1,"extras":{}},{"jsonClass":"TableCell","bounds":{"box":{"x":979.316535433071,"y":942.7803149606299,"w":200.0,"h":50.0},"confidence":0.0},"confidences":{"TableColHeaderCell":1.0},"item":{"jsonClass":"TextBlock","bounds":{"box":{"x":1024.0,"y":953.0,"w":111.0,"h":30.0},"confidence":0.0},"confidences":{"TextBlock":1.0},"name":"Cell3","id":"_25","category":{"typeOf":"StaticText","confidence":0.0},"textRuns":[{"jsonClass":"TextRun","bounds":{"box":{"x":1024.0,"y":953.0,"w":111.0,"h":30.0},"confidence":0.0},"confidences":{"TextRun":1.0},"text":"Quantity","glyphs":[],"bold":false,"italic":false,"underline":false,"subScript":false,"superScript":false,"fontFamily":"Myriad Pro","fontSize":"11","color":"rgb(0,0,0)","extras":{},"richText":"Quantity"}],"extras":{"crTool":{"name":"quantity_txt","_value":"\u003cp\u003eQuantity\u003c/p\u003e","hideTitle":true,"guideNodeClass":"guideTextDraw","sling:resourceType":"fd/af/components/guidetextdraw","flamingo_keywords":["quantity"],"colspan":"1"}},"layout":{"jsonClass":"FullWidth$"}},"id":"82c86dc7-bf2b-4631-a59d-7cfeb9685b78","category":{"typeOf":"ColHeaderCell","confidence":0.0},"rowSpan":1,"colSpan":1,"extras":{}},{"jsonClass":"TableCell","bounds":{"box":{"x":1179.3165354330708,"y":942.7803149606299,"w":200.0,"h":50.0},"confidence":0.0},"confidences":{"TableColHeaderCell":1.0},"item":{"jsonClass":"TextBlock","bounds":{"box":{"x":1251.0,"y":953.0,"w":57.0,"h":30.0},"confidence":0.0},"confidences":{"TextBlock":1.0},"name":"Cell4","id":"_26","category":{"typeOf":"StaticText","confidence":0.0},"textRuns":[{"jsonClass":"TextRun","bounds":{"box":{"x":1251.0,"y":953.0,"w":57.0,"h":30.0},"confidence":0.0},"confidences":{"TextRun":1.0},"text":"Cost","glyphs":[],"bold":false,"italic":false,"underline":false,"subScript":false,"superScript":false,"fontFamily":"Myriad Pro","fontSize":"11","color":"rgb(0,0,0)","extras":{},"richText":"Cost"}],"extras":{"crTool":{"name":"cost_txt","_value":"\u003cp\u003eCost\u003c/p\u003e","hideTitle":true,"guideNodeClass":"guideTextDraw","sling:resourceType":"fd/af/components/guidetextdraw","flamingo_keywords":["cost"],"colspan":"1"}},"layout":{"jsonClass":"FullWidth$"}},"id":"eae75ae5-5585-4b51-9975-257a27b9e59b","category":{"typeOf":"ColHeaderCell","confidence":0.0},"rowSpan":1,"colSpan":1,"extras":{}},{"jsonClass":"TableCell","bounds":{"box":{"x":1379.3165354330708,"y":942.7803149606299,"w":200.0,"h":50.0},"confidence":0.0},"confidences":{"TableColHeaderCell":1.0},"item":{"jsonClass":"TextBlock","bounds":{"box":{"x":1447.0,"y":953.0,"w":64.0,"h":30.0},"confidence":0.0},"confidences":{"TextBlock":1.0},"name":"Cell6","id":"_27","category":{"typeOf":"StaticText","confidence":0.0},"textRuns":[{"jsonClass":"TextRun","bounds":{"box":{"x":1447.0,"y":953.0,"w":64.0,"h":30.0},"confidence":0.0},"confidences":{"TextRun":1.0},"text":"Total","glyphs":[],"bold":false,"italic":false,"underline":false,"subScript":false,"superScript":false,"fontFamily":"Myriad Pro","fontSize":"11","color":"rgb(0,0,0)","extras":{},"richText":"Total"}],"extras":{"crTool":{"name":"total_txt","_value":"\u003cp\u003eTotal\u003c/p\u003e","hideTitle":true,"guideNodeClass":"guideTextDraw","sling:resourceType":"fd/af/components/guidetextdraw","flamingo_keywords":[],"colspan":"1"}},"layout":{"jsonClass":"FullWidth$"}},"id":"cf395e0a-82f1-4cfd-b722-0cd1d875fcb6","category":{"typeOf":"ColHeaderCell","confidence":0.0},"rowSpan":1,"colSpan":1,"extras":{}}],"category":{"typeOf":"HeaderRow","confidence":0.0},"name":"HeaderRow","id":"_22","extras":{"XfaDomJson":{"maxOccur":"-1"},"crTool":{"name":"HeaderRow","guideNodeClass":"guideTableRow","sling:resourceType":"fd/af/components/tableHeader","maxOccur":"-1"}}},{"jsonClass":"TableRow","bounds":{"box":{"x":160.0,"y":992.7803149606299,"w":1419.3165354330708,"h":50.0},"confidence":0.0},"confidences":{"TableRow":1.0},"cells":[{"jsonClass":"TableCell","bounds":{"box":{"x":163.93622047244094,"y":996.7165354330708,"w":138.67244094488188,"h":42.12755905511811},"confidence":0.0},"confidences":{"TableBodyCell":1.0},"item":{"jsonClass":"Field","bounds":{"box":{"x":163.93622047244094,"y":996.7165354330708,"w":138.67244094488188,"h":42.12755905511811},"confidence":0.0},"confidences":{"Field":1.0},"name":"lineItem","id":"_29","category":{"typeOf":"Numeric","confidence":0.0},"widgets":[{"jsonClass":"Widget","bounds":{"box":{"x":163.93622047244094,"y":996.7165354330708,"w":138.67244094488188,"h":42.12755905511811},"confidence":0.0},"confidences":{"Widget":1.0},"category":{"typeOf":"SingleLine","confidence":0.0},"extras":{}}],"extras":{"XfaDomJson":{"_value":"1.00000000","mandatory":"false","visible":"true","jcr:primaryType":"nt:unstructured","enabled":"true","guideNodeClass":"guideNumericBox","sling:resourceType":"fd/af/components/guidenumericbox","dataType":"float"},"crTool":{"name":"item","_value":"1.00000000","mandatory":"false","hideTitle":true,"visible":"true","jcr:primaryType":"nt:unstructured","enabled":"true","guideNodeClass":"guideNumericBox","sling:resourceType":"fd/af/components/guidenumericbox","flamingo_fromXfa":true,"colspan":"1","dataType":"float"}},"layout":{"jsonClass":"FullWidth$"}},"id":"4cd8c1d7-5105-466b-b391-c9999eb0f2fe","category":{"typeOf":"BodyCell","confidence":0.0},"rowSpan":1,"colSpan":1,"extras":{}},{"jsonClass":"TableCell","bounds":{"box":{"x":310.48110236220475,"y":996.7165354330708,"w":664.9,"h":42.12755905511811},"confidence":0.0},"confidences":{"TableBodyCell":1.0},"item":{"jsonClass":"Field","bounds":{"box":{"x":310.4803149606299,"y":996.7165354330708,"w":664.9000000000001,"h":42.12755905511811},"confidence":0.0},"confidences":{"Field":1.0},"name":"description","id":"_30","category":{"typeOf":"Text","confidence":0.0},"widgets":[{"jsonClass":"Widget","bounds":{"box":{"x":310.4803149606299,"y":996.7165354330708,"w":664.9000000000001,"h":42.12755905511811},"confidence":0.0},"confidences":{"Widget":1.0},"category":{"typeOf":"SingleLine","confidence":0.0},"extras":{}}],"extras":{"XfaDomJson":{"mandatory":"false","visible":"true","jcr:primaryType":"nt:unstructured","flamingo_bindRef":"/rentalAgreement/rental/Row[*]/description","enabled":"true","guideNodeClass":"guideTextBox","sling:resourceType":"fd/af/components/guidetextbox"},"crTool":{"name":"description","mandatory":"false","hideTitle":true,"visible":"true","jcr:primaryType":"nt:unstructured","flamingo_bindRef":"/rental/Row[*]/description","enabled":"true","guideNodeClass":"guideTextBox","sling:resourceType":"fd/af/components/guidetextbox","flamingo_fromXfa":true,"bindRef":"/rental/Row/description","colspan":"1"}},"layout":{"jsonClass":"FullWidth$"}},"id":"cede64e0-4665-4c70-99f8-b5cd046cc642","category":{"typeOf":"BodyCell","confidence":0.0},"rowSpan":1,"colSpan":1,"extras":{}},{"jsonClass":"TableCell","bounds":{"box":{"x":983.2527559055119,"y":996.7165354330708,"w":192.1275590551181,"h":42.12755905511811},"confidence":0.0},"confidences":{"TableBodyCell":1.0},"item":{"jsonClass":"Field","bounds":{"box":{"x":983.2527559055119,"y":996.7165354330708,"w":192.12755905511813,"h":42.12755905511811},"confidence":0.0},"confidences":{"Field":1.0},"name":"quantity","id":"_31","category":{"typeOf":"Numeric","confidence":0.0},"widgets":[{"jsonClass":"Widget","bounds":{"box":{"x":983.2527559055119,"y":996.7165354330708,"w":192.12755905511813,"h":42.12755905511811},"confidence":0.0},"confidences":{"Widget":1.0},"category":{"typeOf":"SingleLine","confidence":0.0},"extras":{}}],"extras":{"XfaDomJson":{"mandatory":"false","visible":"true","jcr:primaryType":"nt:unstructured","flamingo_bindRef":"/rentalAgreement/rental/Row[*]/quantity","enabled":"true","guideNodeClass":"guideNumericBox","sling:resourceType":"fd/af/components/guidenumericbox","dataType":"float"},"crTool":{"name":"quantity","mandatory":"false","hideTitle":true,"visible":"true","jcr:primaryType":"nt:unstructured","flamingo_bindRef":"/rental/Row[*]/quantity","enabled":"true","guideNodeClass":"guideNumericBox","sling:resourceType":"fd/af/components/guidenumericbox","flamingo_fromXfa":true,"bindRef":"/rental/Row/quantity","colspan":"1","dataType":"float"}},"layout":{"jsonClass":"FullWidth$"}},"id":"56feba63-8288-4828-a445-86b1340ebe58","category":{"typeOf":"BodyCell","confidence":0.0},"rowSpan":1,"colSpan":1,"extras":{}},{"jsonClass":"TableCell","bounds":{"box":{"x":1183.252755905512,"y":996.7165354330708,"w":192.1275590551181,"h":42.12755905511811},"confidence":0.0},"confidences":{"TableBodyCell":1.0},"item":{"jsonClass":"Field","bounds":{"box":{"x":1183.252755905512,"y":996.7165354330708,"w":192.12755905511813,"h":42.12755905511811},"confidence":0.0},"confidences":{"Field":1.0},"name":"cost","id":"_32","category":{"typeOf":"Numeric","confidence":0.0},"widgets":[{"jsonClass":"Widget","bounds":{"box":{"x":1183.252755905512,"y":996.7165354330708,"w":192.12755905511813,"h":42.12755905511811},"confidence":0.0},"confidences":{"Widget":1.0},"category":{"typeOf":"SingleLine","confidence":0.0},"extras":{}}],"extras":{"XfaDomJson":{"mandatory":"false","visible":"true","jcr:primaryType":"nt:unstructured","flamingo_bindRef":"/rentalAgreement/rental/Row[*]/cost","enabled":"true","guideNodeClass":"guideNumericBox","sling:resourceType":"fd/af/components/guidenumericbox","displayPictureClause":"num.currency{}","dataType":"float"},"crTool":{"name":"cost","mandatory":"false","hideTitle":true,"visible":"true","jcr:primaryType":"nt:unstructured","flamingo_bindRef":"/rental/Row[*]/cost","enabled":"true","guideNodeClass":"guideNumericBox","sling:resourceType":"fd/af/components/guidenumericbox","flamingo_fromXfa":true,"bindRef":"/rental/Row/cost","colspan":"1","displayPictureClause":"num.currency{}","dataType":"float"}},"layout":{"jsonClass":"FullWidth$"}},"id":"4594192f-3e0e-40fc-a905-077afd01c7c0","category":{"typeOf":"BodyCell","confidence":0.0},"rowSpan":1,"colSpan":1,"extras":{}},{"jsonClass":"TableCell","bounds":{"box":{"x":1383.2527559055118,"y":996.7165354330708,"w":192.1275590551181,"h":42.12755905511811},"confidence":0.0},"confidences":{"TableBodyCell":1.0},"item":{"jsonClass":"Field","bounds":{"box":{"x":1383.252755905512,"y":996.7165354330708,"w":192.12755905511813,"h":42.12755905511811},"confidence":0.0},"confidences":{"Field":1.0},"name":"total","id":"_33","category":{"typeOf":"Numeric","confidence":0.0},"widgets":[{"jsonClass":"Widget","bounds":{"box":{"x":1383.252755905512,"y":996.7165354330708,"w":192.12755905511813,"h":42.12755905511811},"confidence":0.0},"confidences":{"Widget":1.0},"category":{"typeOf":"SingleLine","confidence":0.0},"extras":{}}],"extras":{"XfaDomJson":{"_value":"0.00","mandatory":"false","visible":"true","jcr:primaryType":"nt:unstructured","flamingo_bindRef":"/rentalAgreement/rental/Row[*]/total","enabled":"false","guideNodeClass":"guideNumericBox","sling:resourceType":"fd/af/components/guidenumericbox","displayPictureClause":"num.currency{}","dataType":"decimal"},"crTool":{"name":"total","_value":"0.00","mandatory":"false","hideTitle":true,"visible":"true","jcr:primaryType":"nt:unstructured","flamingo_bindRef":"/rental/Row[*]/total","enabled":"false","guideNodeClass":"guideNumericBox","sling:resourceType":"fd/af/components/guidenumericbox","flamingo_fromXfa":true,"bindRef":"/rental/Row/total","colspan":"1","displayPictureClause":"num.currency{}","dataType":"decimal"}},"layout":{"jsonClass":"FullWidth$"}},"id":"08fbab63-2996-4f72-9e4c-336445555220","category":{"typeOf":"BodyCell","confidence":0.0},"rowSpan":1,"colSpan":1,"extras":{}}],"category":{"typeOf":"BodyRow","confidence":0.0},"name":"Row","id":"_28","extras":{"XfaDomJson":{"maxOccur":"-1","flamingo_bindRef":"/rentalAgreement/rental/Row[*]"},"crTool":{"name":"Row","flamingo_bindRef":"/rental/Row[*]","guideNodeClass":"guideTableRow","sling:resourceType":"fd/af/components/tableRow","bindRef":"/rental/Row","maxOccur":"-1"}}},{"jsonClass":"TableRow","bounds":{"box":{"x":160.0,"y":1192.7803149606298,"w":1419.3165354330708,"h":50.0},"confidence":0.0},"confidences":{"TableRow":1.0},"cells":[{"jsonClass":"TableCell","bounds":{"box":{"x":160.0,"y":1192.7803149606298,"w":1219.3165354330708,"h":50.0},"confidence":0.0},"confidences":{"TableFooterCell":1.0},"item":{"jsonClass":"TextBlock","bounds":{"box":{"x":1202.0,"y":1204.0,"w":153.0,"h":28.0},"confidence":0.0},"confidences":{"TextBlock":1.0},"name":"Cell1","id":"_53","category":{"typeOf":"StaticText","confidence":0.0},"textRuns":[{"jsonClass":"TextRun","bounds":{"box":{"x":1202.0,"y":1204.0,"w":153.0,"h":28.0},"confidence":0.0},"confidences":{"TextRun":1.0},"text":"Grand Total:","glyphs":[],"bold":true,"italic":false,"underline":false,"subScript":false,"superScript":false,"fontFamily":"Myriad Pro","fontSize":"10","color":"rgb(0,0,0)","extras":{},"richText":"\u003cb\u003eGrand Total:\u003c/b\u003e"}],"extras":{"crTool":{"name":"Cell1_2","_value":"\u003cp\u003e\u003cb\u003eGrand Total:\u003c/b\u003e\u003c/p\u003e","hideTitle":true,"guideNodeClass":"guideTextDraw","sling:resourceType":"fd/af/components/guidetextdraw","colspan":"4"}},"layout":{"jsonClass":"FullWidth$"}},"id":"b89b797b-4c84-48f1-85b7-1ba8f59b59b9","category":{"typeOf":"FooterCell","confidence":0.0},"rowSpan":1,"colSpan":4,"extras":{}},{"jsonClass":"TableCell","bounds":{"box":{"x":1387.1913385826772,"y":1200.6551181102361,"w":184.2503937007874,"h":34.2503937007874},"confidence":0.0},"confidences":{"TableFooterCell":1.0},"item":{"jsonClass":"Field","bounds":{"box":{"x":1387.192125984252,"y":1200.6551181102361,"w":184.2503937007874,"h":34.250393700787406},"confidence":0.0},"confidences":{"Field":1.0},"name":"grandTotal","id":"_54","category":{"typeOf":"Numeric","confidence":0.0},"widgets":[{"jsonClass":"Widget","bounds":{"box":{"x":1387.192125984252,"y":1200.6551181102361,"w":184.2503937007874,"h":34.250393700787406},"confidence":0.0},"confidences":{"Widget":1.0},"category":{"typeOf":"SingleLine","confidence":0.0},"extras":{}}],"extras":{"XfaDomJson":{"_value":"0.00","mandatory":"false","visible":"true","jcr:primaryType":"nt:unstructured","enabled":"false","guideNodeClass":"guideNumericBox","sling:resourceType":"fd/af/components/guidenumericbox","displayPictureClause":"num.currency{}","dataType":"decimal"},"crTool":{"name":"grandTotal","_value":"0.00","mandatory":"false","hideTitle":true,"visible":"true","jcr:primaryType":"nt:unstructured","enabled":"false","guideNodeClass":"guideNumericBox","sling:resourceType":"fd/af/components/guidenumericbox","flamingo_fromXfa":true,"colspan":"1","displayPictureClause":"num.currency{}","dataType":"decimal"}},"layout":{"jsonClass":"FullWidth$"}},"id":"44cabf09-ede6-410a-8adf-48e9bd391871","category":{"typeOf":"FooterCell","confidence":0.0},"rowSpan":1,"colSpan":1,"extras":{}}],"category":{"typeOf":"FooterRow","confidence":0.0},"name":"FooterRow","id":"_52","extras":{"XfaDomJson":{"maxOccur":"-1"},"crTool":{"name":"FooterRow","guideNodeClass":"guideTableRow","sling:resourceType":"fd/af/components/tableRow","maxOccur":"-1"}}}],"extras":{"XfaDomJson":{"flamingo_bindRef":"/rentalAgreement/rental"},"FromXfa":true,"crTool":{"name":"details_cras_mattis_tellus","guideNodeClass":"guideTable","sling:resourceType":"fd/af/components/table","flamingo_fromXfa":true}},"layout":{"jsonClass":"FullWidth$"}}],"extras":{"PREDICTED_SECTION":true,"crTool":{"name":"details_cras_mattis_tellus","guideNodeClass":"guidePanel","sling:resourceType":"fd/af/components/panel"}},"layout":{"jsonClass":"FullWidth$"}},{"jsonClass":"Section","bounds":{"box":{"x":324.0,"y":1265.0,"w":955.0,"h":253.0},"confidence":0.0},"confidences":{"Section":1.0},"id":"a5ae64a1-1aef-4c90-9d41-1e70b8796395","children":[{"jsonClass":"TextBlock","bounds":{"box":{"x":324.0,"y":1265.0,"w":955.0,"h":146.0},"confidence":0.0},"confidences":{"TextBlock":0.8890510281559314},"id":"b47f042f-a793-4ca8-9648-dea9fd9238d0","category":{"typeOf":"StaticText","confidence":0.0},"textRuns":[{"jsonClass":"TextRun","bounds":{"box":{"x":324.0,"y":1265.0,"w":955.0,"h":31.0},"confidence":0.0},"confidences":{"TextRun":1.0},"text":"{{*[]}} I have read and agree to rules and conditions of this rental agreement","glyphs":[],"bold":false,"italic":false,"underline":false,"subScript":false,"superScript":false,"fontFamily":"Myriad Pro","fontSize":"11","color":"rgb(0,0,0)","extras":{},"richText":"{{*[]}} I have read and agree to rules and conditions of this rental agreement"},{"jsonClass":"TextRun","bounds":{"box":{"x":617.0,"y":1384.0,"w":295.0,"h":27.0},"confidence":0.0},"confidences":{"TextRun":1.0},"text":"Sig_es_:signer1:signature","glyphs":[],"bold":false,"italic":false,"underline":false,"subScript":false,"superScript":false,"fontFamily":"Myriad Pro","fontSize":"10","color":"rgb(192,192,192)","extras":{},"richText":"Sig_es_:signer1:signature"}],"predictedBoundingBox":{"x":324.7,"y":1259.7,"w":950.3,"h":37.4},"extras":{"crTool":{"name":"rules_conditions_txt1","_value":"\u003cp\u003e{{*[]}} I have read and agree to rules and conditions of this rental agreement\u003c/p\u003e\u003cp\u003eSig_es_:signer1:signature\u003c/p\u003e","guideNodeClass":"guideTextDraw","sling:resourceType":"fd/af/components/guidetextdraw","flamingo_keywords":["]","i","rules","conditions","agreement"]}},"layout":{"jsonClass":"FullWidth$"}},{"jsonClass":"Field","bounds":{"box":{"x":564.0,"y":1431.3999999999999,"w":512.0999999999999,"h":26.600000000000136},"confidence":0.0},"confidences":{"Field":0.32039734711444895},"id":"8699e378-b85c-4c74-99fc-c63fa087dc8c","title":{"textBlock":{"jsonClass":"TextBlock","bounds":{"box":{"x":564.0,"y":1433.0,"w":289.0,"h":25.0},"confidence":0.0},"confidences":{"TextBlock":0.32039734711444895},"id":"e72b1504-3d3c-4773-951d-2d87f42fa038","category":{"typeOf":"Caption","confidence":0.0},"textRuns":[{"jsonClass":"TextRun","bounds":{"box":{"x":564.0,"y":1433.0,"w":289.0,"h":25.0},"confidence":0.0},"confidences":{"TextRun":1.0},"text":"{{FN_es_:signer1:fullname}}","glyphs":[],"bold":false,"italic":false,"underline":false,"subScript":false,"superScript":false,"fontFamily":"Myriad Pro","fontSize":"9","color":"rgb(192,192,192)","extras":{},"richText":"{{FN_es_:signer1:fullname}}"}],"extras":{},"layout":{"jsonClass":"FullWidth$"}},"confidence":0.0},"category":{"typeOf":"Text","confidence":0.0},"widgets":[{"jsonClass":"Widget","bounds":{"box":{"x":861.9,"y":1431.3999999999999,"w":214.2,"h":25.5},"confidence":0.0},"confidences":{"Widget":0.4561125337010844},"category":{"typeOf":"SingleLine","confidence":0.0},"extras":{}}],"predictedBoundingBox":{"x":566.1,"y":1431.3999999999999,"w":510.0,"h":25.5},"mandatory":false,"extras":{"crTool":{"name":"fn_es_signer1fullname","mandatory":false,"guideNodeClass":"guideTextBox","sling:resourceType":"fd/af/components/guidetextbox","jcr:title":"{{FN_es_:signer1:fullname}}"}},"layout":{"jsonClass":"FullWidth$"}},{"jsonClass":"TextBlock","bounds":{"box":{"x":564.0,"y":1463.0,"w":259.0,"h":55.0},"confidence":0.0},"confidences":{"TextBlock":0.8392955013811056},"id":"09e5e7df-c4b0-4e1c-add1-dca4d40fa509","category":{"typeOf":"StaticText","confidence":0.0},"textRuns":[{"jsonClass":"TextRun","bounds":{"box":{"x":564.0,"y":1463.0,"w":259.0,"h":25.0},"confidence":0.0},"confidences":{"TextRun":1.0},"text":"{{Em_es_:signer1:email}}","glyphs":[],"bold":false,"italic":false,"underline":false,"subScript":false,"superScript":false,"fontFamily":"Myriad Pro","fontSize":"9","color":"rgb(192,192,192)","extras":{},"richText":"{{Em_es_:signer1:email}}"},{"jsonClass":"TextRun","bounds":{"box":{"x":564.0,"y":1493.0,"w":248.0,"h":25.0},"confidence":0.0},"confidences":{"TextRun":1.0},"text":"{{Dte_es_:signer1:date}}","glyphs":[],"bold":false,"italic":false,"underline":false,"subScript":false,"superScript":false,"fontFamily":"Myriad Pro","fontSize":"9","color":"rgb(192,192,192)","extras":{},"richText":"{{Dte_es_:signer1:date}}"}],"predictedBoundingBox":{"x":564.4,"y":1428.0,"w":287.3,"h":85.0},"extras":{"crTool":{"name":"em_es_signer1email_dte_es_signer1date_txt","_value":"\u003cp\u003e{{Em_es_:signer1:email}} {{Dte_es_:signer1:date}}\u003c/p\u003e","flamingo_texts":[{"id":"09e5e7df-c4b0-4e1c-add1-dca4d40fa509","_value":"\u003cp\u003e{{Em_es_:signer1:email}} {{Dte_es_:signer1:date}}\u003c/p\u003e"}],"guideNodeClass":"guideTextDraw","sling:resourceType":"fd/af/components/guidetextdraw","flamingo_keywords":[]}},"layout":{"jsonClass":"FullWidth$"}}],"extras":{"XfaDomJson":{},"FromXfa":true,"PREDICTED_SECTION":true,"crTool":{"name":"rules_conditions","guideNodeClass":"guidePanel","sling:resourceType":"fd/af/components/panel","flamingo_fromXfa":true}},"layout":{"jsonClass":"FullWidth$"}}],"extras":{"XfaDomJson":{},"FromXfa":true,"PREDICTED_SECTION":true,"crTool":{"name":"section3","guideNodeClass":"guidePanel","sling:resourceType":"fd/af/components/panel","flamingo_fromXfa":true}},"layout":{"jsonClass":"FullWidth$"}},{"jsonClass":"Field","bounds":{"box":{"x":968.0,"y":1607.8748031496064,"w":417.19763779527557,"h":43.30551181102351},"confidence":0.0},"confidences":{"Field":1.0},"name":"PageCount","id":"xfa[0].form[0].rentalAgreement[0].pageSet[0]PageArea1_6","title":{"textBlock":{"jsonClass":"TextBlock","bounds":{"box":{"x":968.0,"y":1620.0,"w":123.0,"h":26.0},"confidence":0.0},"confidences":{"TextBlock":1.0},"id":"c3c86fa4-fb25-47c2-921f-a579afc207d4","category":{"typeOf":"Caption","confidence":0.0},"textRuns":[{"jsonClass":"TextRun","bounds":{"box":{"x":968.0,"y":1620.0,"w":123.0,"h":26.0},"confidence":0.0},"confidences":{"TextRun":1.0},"text":"Text Field","glyphs":[],"bold":false,"italic":false,"underline":false,"subScript":false,"superScript":false,"fontFamily":"Myriad Pro","fontSize":"11","color":"rgb(0,0,0)","extras":{},"richText":"Text Field"}],"extras":{},"layout":{"jsonClass":"FullWidth$"}},"confidence":0.0},"category":{"typeOf":"Numeric","confidence":0.0},"widgets":[{"jsonClass":"Widget","bounds":{"box":{"x":1125.355905511811,"y":1607.8748031496064,"w":259.8417322834645,"h":43.30551181102362},"confidence":0.0},"confidences":{"Widget":1.0},"category":{"typeOf":"SingleLine","confidence":0.0},"extras":{}}],"extras":{"XfaDomJson":{"_value":"1.00000000","mandatory":"false","visible":"false","jcr:primaryType":"nt:unstructured","enabled":"false","guideNodeClass":"guideNumericBox","isFloatingField":true,"sling:resourceType":"fd/af/components/guidenumericbox","dataType":"float"},"OnMasterPage":true,"FromXfa":true,"crTool":{"name":"text_field","_value":"1.00000000","mandatory":"false","visible":"false","jcr:primaryType":"nt:unstructured","enabled":"false","guideNodeClass":"guideNumericBox","isFloatingField":true,"sling:resourceType":"fd/af/components/guidenumericbox","flamingo_fromXfa":true,"jcr:title":"Text Field","dataType":"float"}},"layout":{"jsonClass":"FullWidth$"}},{"jsonClass":"Field","bounds":{"box":{"x":968.0,"y":1607.8748031496064,"w":417.19763779527557,"h":43.30551181102351},"confidence":0.0},"confidences":{"Field":1.0},"name":"CurrentPage","id":"xfa[0].form[0].rentalAgreement[0].pageSet[0]PageArea1_5","title":{"textBlock":{"jsonClass":"TextBlock","bounds":{"box":{"x":968.0,"y":1620.0,"w":123.0,"h":26.0},"confidence":0.0},"confidences":{"TextBlock":1.0},"id":"6714cf6e-92d7-4d17-96d4-9ebd312a9f0b","category":{"typeOf":"Caption","confidence":0.0},"textRuns":[{"jsonClass":"TextRun","bounds":{"box":{"x":968.0,"y":1620.0,"w":123.0,"h":26.0},"confidence":0.0},"confidences":{"TextRun":1.0},"text":"Text Field","glyphs":[],"bold":false,"italic":false,"underline":false,"subScript":false,"superScript":false,"fontFamily":"Myriad Pro","fontSize":"11","color":"rgb(0,0,0)","extras":{},"richText":"Text Field"}],"extras":{},"layout":{"jsonClass":"FullWidth$"}},"confidence":0.0},"category":{"typeOf":"Numeric","confidence":0.0},"widgets":[{"jsonClass":"Widget","bounds":{"box":{"x":1125.355905511811,"y":1607.8748031496064,"w":259.8417322834645,"h":43.30551181102362},"confidence":0.0},"confidences":{"Widget":1.0},"category":{"typeOf":"SingleLine","confidence":0.0},"extras":{}}],"extras":{"XfaDomJson":{"_value":"1.00000000","mandatory":"false","visible":"false","jcr:primaryType":"nt:unstructured","enabled":"false","guideNodeClass":"guideNumericBox","isFloatingField":true,"sling:resourceType":"fd/af/components/guidenumericbox","dataType":"float"},"OnMasterPage":true,"FromXfa":true,"crTool":{"name":"text_field1","_value":"1.00000000","mandatory":"false","visible":"false","jcr:primaryType":"nt:unstructured","enabled":"false","guideNodeClass":"guideNumericBox","isFloatingField":true,"sling:resourceType":"fd/af/components/guidenumericbox","flamingo_fromXfa":true,"jcr:title":"Text Field","dataType":"float"}},"layout":{"jsonClass":"FullWidth$"}}],"extras":{"PREDICTED_SECTION":true,"crTool":{"name":"panel2","guideNodeClass":"guidePanel","sling:resourceType":"fd/af/components/panel","jcr:title":"Panel 3"}},"layout":{"jsonClass":"FullWidth$"}}],"id":"a5f5782d-3589-43c8-870d-9885a00081ce","extras":{}}],"meta":{"conversionStatus":"Converting...  90%","formTitle":"Rental Agreement"},"dorDataModel":{"dorDataModel":{"children":[]}}}