{"images":["/content/dam/formsanddocuments/training/shared-content/rentalAgreementDOR.xdp/jcr:content/renditions/crTool/page1.png"],"pages":[{"jsonClass":"Page","number":1,"children":[{"extras":{"XfaDomJson":{"_value":"August 18, 2023","mandatory":"false","visible":"true","jcr:primaryType":"nt:unstructured","flamingo_bindRef":"/rentalAgreement/agreementDate","enabled":"false","guideNodeClass":"guideDatePicker","sling:resourceType":"fd/af/components/guidedatepicker"},"FromXfa":true,"crTool":{"enabled":"false","flamingo_fromXfa":true,"keywords":"agreement date","name":"agreement_date","visible":"true","_value":"August 18, 2023","flamingo_bindRef":"/agreementDate","bindRef":"/agreementDate","jcr:title":"Agreement Date:","sling:resourceType":"fd/af/components/guidedatepicker","mandatory":"false","guideNodeClass":"guideDatePicker","jcr:primaryType":"nt:unstructured"}},"confidences":{"Field":1},"layout":{"jsonClass":"FullWidth$"},"name":"agreementDate","widgets":[{"jsonClass":"Widget","bounds":{"box":{"x":367.8,"y":227.80000000000004,"w":424.40000000000003,"h":35.880314960629924},"confidence":0},"confidences":{"Widget":1},"category":{"typeOf":"SingleLine","confidence":0},"extras":{}}],"jsonClass":"Field","bounds":{"box":{"x":168,"y":227.80000000000004,"w":624.2,"h":35.88031496062993},"confidence":0},"title":{"textBlock":{"jsonClass":"TextBlock","bounds":{"box":{"x":168,"y":235,"w":158,"h":22},"confidence":0},"confidences":{"TextBlock":1},"id":"f6dd7a90-0921-460d-8a6c-4aef549fb846","category":{"typeOf":"Caption","confidence":0},"textRuns":[{"extras":{},"color":"rgb(128,128,128)","bold":false,"superScript":false,"glyphs":[],"richText":"Agreement Date:","confidences":{"TextRun":1},"subScript":false,"underline":false,"text":"Agreement Date:","fontSize":"8","jsonClass":"TextRun","italic":false,"fontFamily":"Myriad Pro","bounds":{"box":{"x":168,"y":235,"w":158,"h":22},"confidence":0}}],"extras":{},"layout":{"jsonClass":"FullWidth$"}},"confidence":0},"id":"_3","category":{"typeOf":"Date","confidence":0}},{"extras":{"XfaDomJson":{"mandatory":"false","visible":"true","jcr:primaryType":"nt:unstructured","flamingo_bindRef":"/rentalAgreement/accountNo","enabled":"true","guideNodeClass":"guideTextBox","sling:resourceType":"fd/af/components/guidetextbox"},"FromXfa":true,"crTool":{"enabled":"true","flamingo_fromXfa":true,"name":"account_number","visible":"true","flamingo_bindRef":"/accountNo","bindRef":"/accountNo","jcr:title":"Account Number:","sling:resourceType":"fd/af/components/guidetextbox","mandatory":"false","guideNodeClass":"guideTextBox","jcr:primaryType":"nt:unstructured"}},"confidences":{"Field":1},"layout":{"jsonClass":"FullWidth$"},"name":"accountNo","widgets":[{"jsonClass":"Widget","bounds":{"box":{"x":367.8748031496063,"y":280,"w":424.2503937007874,"h":51.480314960629926},"confidence":0},"confidences":{"Widget":1},"category":{"typeOf":"SingleLine","confidence":0},"extras":{}}],"jsonClass":"Field","bounds":{"box":{"x":168,"y":280,"w":624.1251968503936,"h":51.480314960629926},"confidence":0},"title":{"textBlock":{"jsonClass":"TextBlock","bounds":{"box":{"x":168,"y":295,"w":163,"h":22},"confidence":0},"confidences":{"TextBlock":1},"id":"31739abd-c725-4470-a67e-1fd19b928173","category":{"typeOf":"Caption","confidence":0},"textRuns":[{"extras":{},"color":"rgb(128,128,128)","bold":false,"superScript":false,"glyphs":[],"richText":"Account Number:","confidences":{"TextRun":1},"subScript":false,"underline":false,"text":"Account Number:","fontSize":"8","jsonClass":"TextRun","italic":false,"fontFamily":"Myriad Pro","bounds":{"box":{"x":168,"y":295,"w":163,"h":22},"confidence":0}}],"extras":{},"layout":{"jsonClass":"FullWidth$"}},"confidence":0},"id":"_4","category":{"typeOf":"Text","confidence":0}},{"jsonClass":"Section","bounds":{"box":{"x":167.8748031496063,"y":386,"w":1164.2724409448817,"h":281.4803149606299},"confidence":0},"confidences":{"Section":0.5422624349594116},"id":"eeed7c27-65b0-4b25-9a92-d15019d136ed","title":{"textBlock":{"extras":{},"confidences":{"SectionTitle":0.5583796501159668},"layout":{"jsonClass":"FullWidth$"},"predictedBoundingBox":{"x":168.88427734375,"y":379.5484313964844,"w":249.644775390625,"h":36.36566162109375},"jsonClass":"TextBlock","textRuns":[{"extras":{},"color":"rgb(0,0,0)","bold":false,"superScript":false,"glyphs":[],"richText":"Contact Information","confidences":{"TextRun":1},"subScript":false,"underline":false,"text":"Contact Information","fontSize":"11","jsonClass":"TextRun","italic":false,"fontFamily":"Myriad Pro","bounds":{"box":{"x":168,"y":386,"w":258,"h":31},"confidence":0}}],"bounds":{"box":{"x":168,"y":386,"w":258,"h":31},"confidence":0},"id":"3b211923-0f48-40d3-bb1a-acb07de7c9c9","category":{"typeOf":"Title","confidence":0}},"confidence":0},"children":[{"extras":{"XfaDomJson":{"mandatory":"false","visible":"true","jcr:primaryType":"nt:unstructured","flamingo_bindRef":"/rentalAgreement/firstName","enabled":"true","guideNodeClass":"guideTextBox","sling:resourceType":"fd/af/components/guidetextbox"},"FromXfa":true,"crTool":{"longDescription":"In the United States, a given name represents the first name of a person. Use this property along with familyName property instead of the name property.","enabled":"true","flamingo_fromXfa":true,"keywords":"first name","name":"first_name","visible":"true","flamingo_bindRef":"/firstName","bindRef":"/firstName","jcr:title":"First Name","sling:resourceType":"fd/af/components/guidetextbox","mandatory":"false","guideNodeClass":"guideTextBox","jcr:primaryType":"nt:unstructured","schemaMeaning":"first name"}},"confidences":{"Field":1},"layout":{"jsonClass":"FullWidth$"},"name":"firstName","widgets":[{"jsonClass":"Widget","bounds":{"box":{"x":167.8748031496063,"y":460,"w":224.2503937007874,"h":47.480314960629926},"confidence":0},"confidences":{"Widget":1},"category":{"typeOf":"SingleLine","confidence":0},"extras":{}}],"jsonClass":"Field","bounds":{"box":{"x":167.8748031496063,"y":435,"w":224.2503937007874,"h":72.48031496062993},"confidence":0},"title":{"textBlock":{"jsonClass":"TextBlock","bounds":{"box":{"x":168,"y":435,"w":99,"h":22},"confidence":0},"confidences":{"TextBlock":1},"id":"592a9815-bcad-472b-a138-47001fe88bbd","category":{"typeOf":"Caption","confidence":0},"textRuns":[{"extras":{},"color":"rgb(128,128,128)","bold":false,"superScript":false,"glyphs":[],"richText":"First Name","confidences":{"TextRun":1},"subScript":false,"underline":false,"text":"First Name","fontSize":"8","jsonClass":"TextRun","italic":false,"fontFamily":"Myriad Pro","bounds":{"box":{"x":168,"y":435,"w":99,"h":22},"confidence":0}}],"extras":{},"layout":{"jsonClass":"FullWidth$"}},"confidence":0},"id":"_10","category":{"typeOf":"Text","confidence":0}},{"extras":{"XfaDomJson":{"mandatory":"false","visible":"true","jcr:primaryType":"nt:unstructured","flamingo_bindRef":"/rentalAgreement/lastName","enabled":"true","guideNodeClass":"guideTextBox","sling:resourceType":"fd/af/components/guidetextbox"},"FromXfa":true,"crTool":{"enabled":"true","flamingo_fromXfa":true,"keywords":"name","name":"last_name","visible":"true","flamingo_bindRef":"/lastName","bindRef":"/lastName","jcr:title":"Last Name","sling:resourceType":"fd/af/components/guidetextbox","mandatory":"false","guideNodeClass":"guideTextBox","jcr:primaryType":"nt:unstructured","schemaMeaning":"name"}},"confidences":{"Field":1},"layout":{"jsonClass":"FullWidth$"},"name":"lastName","widgets":[{"jsonClass":"Widget","bounds":{"box":{"x":407.8748031496063,"y":460,"w":524.2503937007874,"h":47.480314960629926},"confidence":0},"confidences":{"Widget":1},"category":{"typeOf":"SingleLine","confidence":0},"extras":{}}],"jsonClass":"Field","bounds":{"box":{"x":407.8748031496063,"y":435,"w":524.2503937007873,"h":72.48031496062993},"confidence":0},"title":{"textBlock":{"jsonClass":"TextBlock","bounds":{"box":{"x":408,"y":435,"w":97,"h":22},"confidence":0},"confidences":{"TextBlock":1},"id":"5eaf4195-97c7-42d2-a44e-15a7b904a468","category":{"typeOf":"Caption","confidence":0},"textRuns":[{"extras":{},"color":"rgb(128,128,128)","bold":false,"superScript":false,"glyphs":[],"richText":"Last Name","confidences":{"TextRun":1},"subScript":false,"underline":false,"text":"Last Name","fontSize":"8","jsonClass":"TextRun","italic":false,"fontFamily":"Myriad Pro","bounds":{"box":{"x":408,"y":435,"w":97,"h":22},"confidence":0}}],"extras":{},"layout":{"jsonClass":"FullWidth$"}},"confidence":0},"id":"_11","category":{"typeOf":"Text","confidence":0}},{"extras":{"XfaDomJson":{"mandatory":"false","visible":"true","jcr:primaryType":"nt:unstructured","flamingo_bindRef":"/rentalAgreement/emailAddress","enabled":"true","guideNodeClass":"guideTextBox","sling:resourceType":"fd/af/components/guidetextbox"},"FromXfa":true,"crTool":{"longDescription":"Specify the e-mail address for the contact point.","enabled":"true","flamingo_fromXfa":true,"keywords":"email address","name":"email_address","visible":"true","flamingo_bindRef":"/emailAddress","bindRef":"/emailAddress","jcr:title":"Email Address","validatePictureClause":"^(([^<>()\\[\\]\\.,;:\\s@\"]+(\\.[^<>()\\[\\]\\\\.,;:\\s@\"]+)*)|(\".+\"))@((\\[[0-9]{1,3}\\.[0-9]{1,3}\\.[0-9]{1,3}\\.[0-9]{1,3}])|(([a-zA-Z\\-0-9]+\\.)+[a-zA-Z]{2,}))$","sling:resourceType":"fd/af/components/guideemail","mandatory":"false","guideNodeClass":"guideTextBox","jcr:primaryType":"nt:unstructured","schemaMeaning":"email address"}},"confidences":{"Field":1},"layout":{"jsonClass":"FullWidth$"},"name":"emailAddress","widgets":[{"jsonClass":"Widget","bounds":{"box":{"x":967.9141732283464,"y":460,"w":364.2330708661417,"h":47.480314960629926},"confidence":0},"confidences":{"Widget":1},"category":{"typeOf":"SingleLine","confidence":0},"extras":{}}],"jsonClass":"Field","bounds":{"box":{"x":967.9141732283464,"y":435,"w":364.2330708661417,"h":72.48031496062993},"confidence":0},"title":{"textBlock":{"jsonClass":"TextBlock","bounds":{"box":{"x":968,"y":435,"w":130,"h":22},"confidence":0},"confidences":{"TextBlock":1},"id":"0c4f114e-cfb3-4df4-afdb-0e833d4ceef9","category":{"typeOf":"Caption","confidence":0},"textRuns":[{"extras":{},"color":"rgb(128,128,128)","bold":false,"superScript":false,"glyphs":[],"richText":"Email Address","confidences":{"TextRun":1},"subScript":false,"underline":false,"text":"Email Address","fontSize":"8","jsonClass":"TextRun","italic":false,"fontFamily":"Myriad Pro","bounds":{"box":{"x":968,"y":435,"w":130,"h":22},"confidence":0}}],"extras":{},"layout":{"jsonClass":"FullWidth$"}},"confidence":0},"id":"_16","category":{"typeOf":"Email","confidence":0}},{"extras":{"XfaDomJson":{"mandatory":"false","visible":"true","jcr:primaryType":"nt:unstructured","flamingo_bindRef":"/rentalAgreement/address","enabled":"true","guideNodeClass":"guideTextBox","sling:resourceType":"fd/af/components/guidetextbox"},"FromXfa":true,"crTool":{"enabled":"true","flamingo_fromXfa":true,"keywords":"address","name":"address","visible":"true","flamingo_bindRef":"/address","bindRef":"/address","jcr:title":"Address","sling:resourceType":"fd/af/components/guidetextbox","mandatory":"false","guideNodeClass":"guideTextBox","jcr:primaryType":"nt:unstructured","schemaMeaning":"address"}},"confidences":{"Field":1},"layout":{"jsonClass":"FullWidth$"},"name":"address","widgets":[{"jsonClass":"Widget","bounds":{"box":{"x":167.8748031496063,"y":540,"w":764.2503937007874,"h":47.480314960629926},"confidence":0},"confidences":{"Widget":1},"category":{"typeOf":"SingleLine","confidence":0},"extras":{}}],"jsonClass":"Field","bounds":{"box":{"x":167.8748031496063,"y":515,"w":764.2503937007873,"h":72.48031496062993},"confidence":0},"title":{"textBlock":{"jsonClass":"TextBlock","bounds":{"box":{"x":168,"y":515,"w":75,"h":22},"confidence":0},"confidences":{"TextBlock":1},"id":"b76815a9-d378-4769-8692-46041708d4c2","category":{"typeOf":"Caption","confidence":0},"textRuns":[{"extras":{},"color":"rgb(128,128,128)","bold":false,"superScript":false,"glyphs":[],"richText":"Address","confidences":{"TextRun":1},"subScript":false,"underline":false,"text":"Address","fontSize":"8","jsonClass":"TextRun","italic":false,"fontFamily":"Myriad Pro","bounds":{"box":{"x":168,"y":515,"w":75,"h":22},"confidence":0}}],"extras":{},"layout":{"jsonClass":"FullWidth$"}},"confidence":0},"id":"_12","category":{"typeOf":"Text","confidence":0}},{"extras":{"XfaDomJson":{"mandatory":"false","visible":"true","jcr:primaryType":"nt:unstructured","flamingo_bindRef":"/rentalAgreement/phone[*]","enabled":"true","guideNodeClass":"guideTextBox","sling:resourceType":"fd/af/components/guidetextbox","displayPictureClause":"text{'('999')' 999-9999}"},"FromXfa":true,"crTool":{"enabled":"true","flamingo_fromXfa":true,"displayPictureClause":"text{'('999')' 999-9999}","name":"cell_phone","visible":"true","flamingo_bindRef":"/phone[*]","bindRef":"/phone","jcr:title":"Cell Phone","sling:resourceType":"fd/af/components/guidetextbox","mandatory":"false","guideNodeClass":"guideTextBox","jcr:primaryType":"nt:unstructured"}},"confidences":{"Field":1},"layout":{"jsonClass":"FullWidth$"},"name":"phone","widgets":[{"jsonClass":"Widget","bounds":{"box":{"x":967.9141732283464,"y":540,"w":364.2330708661417,"h":47.480314960629926},"confidence":0},"confidences":{"Widget":1},"category":{"typeOf":"SingleLine","confidence":0},"extras":{}}],"jsonClass":"Field","bounds":{"box":{"x":967.9141732283464,"y":515,"w":364.2330708661417,"h":72.48031496062993},"confidence":0},"title":{"textBlock":{"jsonClass":"TextBlock","bounds":{"box":{"x":968,"y":515,"w":99,"h":22},"confidence":0},"confidences":{"TextBlock":1},"id":"7da07172-4acb-4ab9-88d4-a00d727a8389","category":{"typeOf":"Caption","confidence":0},"textRuns":[{"extras":{},"color":"rgb(128,128,128)","bold":false,"superScript":false,"glyphs":[],"richText":"Cell Phone","confidences":{"TextRun":1},"subScript":false,"underline":false,"text":"Cell Phone","fontSize":"8","jsonClass":"TextRun","italic":false,"fontFamily":"Myriad Pro","bounds":{"box":{"x":968,"y":515,"w":99,"h":22},"confidence":0}}],"extras":{},"layout":{"jsonClass":"FullWidth$"}},"confidence":0},"id":"_17","category":{"typeOf":"Text","confidence":0}},{"extras":{"XfaDomJson":{"mandatory":"false","visible":"true","jcr:primaryType":"nt:unstructured","flamingo_bindRef":"/rentalAgreement/city","enabled":"true","guideNodeClass":"guideTextBox","sling:resourceType":"fd/af/components/guidetextbox"},"FromXfa":true,"crTool":{"longDescription":"Specify the city that is included as a part of the postal address. For example, Mountain View.","enabled":"true","flamingo_fromXfa":true,"keywords":"city","name":"city","visible":"true","flamingo_bindRef":"/city","bindRef":"/city","jcr:title":"City","sling:resourceType":"fd/af/components/guidetextbox","mandatory":"false","guideNodeClass":"guideTextBox","jcr:primaryType":"nt:unstructured","schemaMeaning":"city"}},"confidences":{"Field":1},"layout":{"jsonClass":"FullWidth$"},"name":"city","widgets":[{"jsonClass":"Widget","bounds":{"box":{"x":167.8748031496063,"y":620,"w":224.2503937007874,"h":47.480314960629926},"confidence":0},"confidences":{"Widget":1},"category":{"typeOf":"SingleLine","confidence":0},"extras":{}}],"jsonClass":"Field","bounds":{"box":{"x":167.8748031496063,"y":595,"w":224.2503937007874,"h":72.48031496062993},"confidence":0},"title":{"textBlock":{"jsonClass":"TextBlock","bounds":{"box":{"x":168,"y":595,"w":36,"h":22},"confidence":0},"confidences":{"TextBlock":1},"id":"7fdb4715-2689-44b3-862b-559fb23f9377","category":{"typeOf":"Caption","confidence":0},"textRuns":[{"extras":{},"color":"rgb(128,128,128)","bold":false,"superScript":false,"glyphs":[],"richText":"City","confidences":{"TextRun":1},"subScript":false,"underline":false,"text":"City","fontSize":"8","jsonClass":"TextRun","italic":false,"fontFamily":"Myriad Pro","bounds":{"box":{"x":168,"y":595,"w":36,"h":22},"confidence":0}}],"extras":{},"layout":{"jsonClass":"FullWidth$"}},"confidence":0},"id":"_13","category":{"typeOf":"Text","confidence":0}},{"extras":{"XfaDomJson":{"mandatory":"false","visible":"true","jcr:primaryType":"nt:unstructured","flamingo_bindRef":"/rentalAgreement/stateProv","enabled":"true","guideNodeClass":"guideTextBox","sling:resourceType":"fd/af/components/guidetextbox"},"FromXfa":true,"crTool":{"enabled":"true","flamingo_fromXfa":true,"name":"state_province","visible":"true","flamingo_bindRef":"/stateProv","bindRef":"/stateProv","jcr:title":"State / Province","sling:resourceType":"fd/af/components/guidetextbox","mandatory":"false","guideNodeClass":"guideTextBox","jcr:primaryType":"nt:unstructured"}},"confidences":{"Field":1},"layout":{"jsonClass":"FullWidth$"},"name":"stateProv","widgets":[{"jsonClass":"Widget","bounds":{"box":{"x":407.8748031496063,"y":620,"w":344.2503937007874,"h":47.480314960629926},"confidence":0},"confidences":{"Widget":1},"category":{"typeOf":"SingleLine","confidence":0},"extras":{}}],"jsonClass":"Field","bounds":{"box":{"x":407.8748031496063,"y":595,"w":344.25039370078736,"h":72.48031496062993},"confidence":0},"title":{"textBlock":{"jsonClass":"TextBlock","bounds":{"box":{"x":408,"y":595,"w":145,"h":22},"confidence":0},"confidences":{"TextBlock":1},"id":"b324b2db-a8a2-42c5-8c00-fe58f21483e0","category":{"typeOf":"Caption","confidence":0},"textRuns":[{"extras":{},"color":"rgb(128,128,128)","bold":false,"superScript":false,"glyphs":[],"richText":"State / Province","confidences":{"TextRun":1},"subScript":false,"underline":false,"text":"State / Province","fontSize":"8","jsonClass":"TextRun","italic":false,"fontFamily":"Myriad Pro","bounds":{"box":{"x":408,"y":595,"w":145,"h":22},"confidence":0}}],"extras":{},"layout":{"jsonClass":"FullWidth$"}},"confidence":0},"id":"_14","category":{"typeOf":"Text","confidence":0}},{"extras":{"XfaDomJson":{"mandatory":"false","visible":"true","jcr:primaryType":"nt:unstructured","flamingo_bindRef":"/rentalAgreement/postalZip","enabled":"true","guideNodeClass":"guideTextBox","sling:resourceType":"fd/af/components/guidetextbox"},"FromXfa":true,"crTool":{"enabled":"true","flamingo_fromXfa":true,"name":"postal_code_zip","visible":"true","flamingo_bindRef":"/postalZip","bindRef":"/postalZip","jcr:title":"Postal Code / Zip","sling:resourceType":"fd/af/components/guidetextbox","mandatory":"false","guideNodeClass":"guideTextBox","jcr:primaryType":"nt:unstructured"}},"confidences":{"Field":1},"layout":{"jsonClass":"FullWidth$"},"name":"postalZip","widgets":[{"jsonClass":"Widget","bounds":{"box":{"x":767.8748031496064,"y":620,"w":164.2503937007874,"h":47.480314960629926},"confidence":0},"confidences":{"Widget":1},"category":{"typeOf":"SingleLine","confidence":0},"extras":{}}],"jsonClass":"Field","bounds":{"box":{"x":767.8748031496064,"y":595,"w":164.2503937007874,"h":72.48031496062993},"confidence":0},"title":{"textBlock":{"jsonClass":"TextBlock","bounds":{"box":{"x":768,"y":595,"w":157,"h":22},"confidence":0},"confidences":{"TextBlock":1},"id":"412f460e-c4c8-4ea0-aefd-5485d5d66b34","category":{"typeOf":"Caption","confidence":0},"textRuns":[{"extras":{},"color":"rgb(128,128,128)","bold":false,"superScript":false,"glyphs":[],"richText":"Postal Code / Zip","confidences":{"TextRun":1},"subScript":false,"underline":false,"text":"Postal Code / Zip","fontSize":"8","jsonClass":"TextRun","italic":false,"fontFamily":"Myriad Pro","bounds":{"box":{"x":768,"y":595,"w":157,"h":22},"confidence":0}}],"extras":{},"layout":{"jsonClass":"FullWidth$"}},"confidence":0},"id":"_15","category":{"typeOf":"Text","confidence":0}}],"extras":{"crTool":{"name":"contact_information","guideNodeClass":"guidePanel","jcr:description":"Contact Information","sling:resourceType":"fd/af/components/panel","jcr:title":"Contact Information"}},"layout":{"jsonClass":"FullWidth$"}},{"jsonClass":"Section","bounds":{"box":{"x":160,"y":695,"w":1419.3165354330708,"h":956.1803149606299},"confidence":0},"confidences":{"Section":0.3439600467681885},"id":"afe51dd8-a566-4664-9ae7-fa5213275e86","children":[{"jsonClass":"Section","bounds":{"box":{"x":160,"y":695,"w":1419.3165354330708,"h":823},"confidence":0},"confidences":{"Section":1},"id":"855eae85-76a4-40f0-9ab4-ed429b887963","children":[{"jsonClass":"Section","bounds":{"box":{"x":160,"y":695,"w":1419.3165354330708,"h":547.7803149606298},"confidence":0},"confidences":{"Section":0.40133512020111084},"id":"8d1d5821-c589-4b24-9057-520ceefd617f","children":[{"extras":{"crTool":{"name":"details_txt1","guideNodeClass":"guideTextDraw","sling:resourceType":"fd/af/components/guidetextdraw","_value":"<p>Details</p><p>Cras mattis tellus vitae sapien elementum viverra. Quisque vel scelerisque erat, vel mattis dolor. Aliquam quis molestie neque. Vestibulum dignissim massa id lorem eleifend molestie id in nisi. In pretium, sapien eget imperdiet dapibus, nunc justo aliquam est, sed consequat turpis mauris in felis. Sed semper condimentum nisl, nec tempor velit auctor nec. Donec hendrerit egestas dui, et feugiat elit vulputate ut. Interdum et malesuada fames ac ante ipsum primis in faucibus. Nullam urna leo, blandit at rutrum eu, dignissim et elit. Nam pellentesque tincidunt dignissim. Praesent sed gravida nisi, eu ultricies nisi. Morbi ac mi purus. Morbi euismod felis a purus tristique, id luctus sapien volutpat. Etiam ullamcorper nisi vitae nisi sagittis, in aliquam lorem mollis. Sed vel leo non mi consectetur egestas.</p>","flamingo_keywords":["details"],"operation":{"type":"DELETE","timestamp":1692381062933,"saveAsFrom":[]}}},"confidences":{"SectionTitle":0.5834580063819885},"layout":{"jsonClass":"FullWidth$"},"predictedBoundingBox":{"x":164.11500549316406,"y":689.0946044921875,"w":88.92713928222656,"h":34.57574462890625},"jsonClass":"TextBlock","textRuns":[{"extras":{},"color":"rgb(0,0,0)","bold":false,"superScript":false,"glyphs":[],"richText":"Details","confidences":{"TextRun":1},"subScript":false,"underline":false,"text":"Details","fontSize":"11","jsonClass":"TextRun","italic":false,"fontFamily":"Myriad Pro","bounds":{"box":{"x":164,"y":695,"w":87,"h":31},"confidence":0}},{"extras":{},"color":"rgb(0,0,0)","bold":false,"superScript":false,"glyphs":[],"richText":"Cras mattis tellus vitae sapien elementum viverra. Quisque vel scelerisque erat, vel mattis dolor. Aliquam quis molestie neque. Vestibulum dignissim","confidences":{"TextRun":1},"subScript":false,"underline":false,"text":"Cras mattis tellus vitae sapien elementum viverra. Quisque vel scelerisque erat, vel mattis dolor. Aliquam quis molestie neque. Vestibulum dignissim","fontSize":"8","jsonClass":"TextRun","italic":false,"fontFamily":"Myriad Pro","bounds":{"box":{"x":164,"y":737,"w":1366,"h":22},"confidence":0}},{"extras":{},"color":"rgb(0,0,0)","bold":false,"superScript":false,"glyphs":[],"richText":"massa id lorem eleifend molestie id in nisi. In pretium, sapien eget imperdiet dapibus, nunc justo aliquam est, sed consequat turpis mauris in felis. Sed","confidences":{"TextRun":1},"subScript":false,"underline":false,"text":"massa id lorem eleifend molestie id in nisi. In pretium, sapien eget imperdiet dapibus, nunc justo aliquam est, sed consequat turpis mauris in felis. Sed","fontSize":"8","jsonClass":"TextRun","italic":false,"fontFamily":"Myriad Pro","bounds":{"box":{"x":164,"y":763,"w":1383,"h":23},"confidence":0}},{"extras":{},"color":"rgb(0,0,0)","bold":false,"superScript":false,"glyphs":[],"richText":"semper condimentum nisl, nec tempor velit auctor nec. Donec hendrerit egestas dui, et feugiat elit vulputate ut. Interdum et malesuada fames ac ante","confidences":{"TextRun":1},"subScript":false,"underline":false,"text":"semper condimentum nisl, nec tempor velit auctor nec. Donec hendrerit egestas dui, et feugiat elit vulputate ut. Interdum et malesuada fames ac ante","fontSize":"8","jsonClass":"TextRun","italic":false,"fontFamily":"Myriad Pro","bounds":{"box":{"x":164,"y":790,"w":1389,"h":22},"confidence":0}},{"extras":{},"color":"rgb(0,0,0)","bold":false,"superScript":false,"glyphs":[],"richText":"ipsum primis in faucibus. Nullam urna leo, blandit at rutrum eu, dignissim et elit. Nam pellentesque tincidunt dignissim. Praesent sed gravida nisi, eu","confidences":{"TextRun":1},"subScript":false,"underline":false,"text":"ipsum primis in faucibus. Nullam urna leo, blandit at rutrum eu, dignissim et elit. Nam pellentesque tincidunt dignissim. Praesent sed gravida nisi, eu","fontSize":"8","jsonClass":"TextRun","italic":false,"fontFamily":"Myriad Pro","bounds":{"box":{"x":164,"y":817,"w":1369,"h":22},"confidence":0}},{"extras":{},"color":"rgb(0,0,0)","bold":false,"superScript":false,"glyphs":[],"richText":"ultricies nisi. Morbi ac mi purus. Morbi euismod felis a purus tristique, id luctus sapien volutpat. Etiam ullamcorper nisi vitae nisi sagittis, in aliquam lorem","confidences":{"TextRun":1},"subScript":false,"underline":false,"text":"ultricies nisi. Morbi ac mi purus. Morbi euismod felis a purus tristique, id luctus sapien volutpat. Etiam ullamcorper nisi vitae nisi sagittis, in aliquam lorem","fontSize":"8","jsonClass":"TextRun","italic":false,"fontFamily":"Myriad Pro","bounds":{"box":{"x":164,"y":843,"w":1410,"h":23},"confidence":0}},{"extras":{},"color":"rgb(0,0,0)","bold":false,"superScript":false,"glyphs":[],"richText":"mollis. Sed vel leo non mi consectetur egestas.","confidences":{"TextRun":1},"subScript":false,"underline":false,"text":"mollis. Sed vel leo non mi consectetur egestas.","fontSize":"8","jsonClass":"TextRun","italic":false,"fontFamily":"Myriad Pro","bounds":{"box":{"x":164,"y":870,"w":433,"h":22},"confidence":0}}],"bounds":{"box":{"x":164,"y":695,"w":1410,"h":197}},"id":"ef8c98cf-9dbf-4b4e-9cf3-e7f987494681","category":{"typeOf":"StaticText","confidence":0}},{"extras":{"XfaDomJson":{"flamingo_bindRef":"/rentalAgreement/rental"},"FromXfa":true,"crTool":{"name":"details_cras_mattis_tellus","guideNodeClass":"guideTable","sling:resourceType":"fd/af/components/table","flamingo_fromXfa":true}},"confidences":{"Table":1},"maxCellCount":0,"layout":{"jsonClass":"FullWidth$"},"name":"rental","jsonClass":"Table","bounds":{"box":{"x":160,"y":942.7803149606299,"w":1419.3165354330708,"h":300},"confidence":0},"rows":[{"jsonClass":"TableRow","bounds":{"box":{"x":160,"y":942.7803149606299,"w":1419.3165354330708,"h":50},"confidence":0},"confidences":{"TableRow":1},"cells":[{"extras":{},"rowSpan":1,"confidences":{"TableColHeaderCell":1},"colSpan":1,"jsonClass":"TableCell","item":{"extras":{"crTool":{"name":"item_txt","_value":"<p>Item</p>","hideTitle":true,"guideNodeClass":"guideTextDraw","sling:resourceType":"fd/af/components/guidetextdraw","flamingo_keywords":["item"],"colspan":"1"}},"confidences":{"TextBlock":1},"layout":{"jsonClass":"FullWidth$"},"name":"Cell1","jsonClass":"TextBlock","textRuns":[{"extras":{},"color":"rgb(0,0,0)","bold":false,"superScript":false,"glyphs":[],"richText":"Item","confidences":{"TextRun":1},"subScript":false,"underline":false,"text":"Item","fontSize":"11","jsonClass":"TextRun","italic":false,"fontFamily":"Myriad Pro","bounds":{"box":{"x":204,"y":953,"w":58,"h":30},"confidence":0}}],"bounds":{"box":{"x":204,"y":953,"w":58,"h":30},"confidence":0},"id":"_24","category":{"typeOf":"StaticText","confidence":0}},"bounds":{"box":{"x":160,"y":942.7803149606299,"w":146.5448818897638,"h":50},"confidence":0},"id":"43c37790-b569-47eb-bcf6-35c538dce522","category":{"typeOf":"ColHeaderCell","confidence":0}},{"extras":{},"rowSpan":1,"confidences":{"TableColHeaderCell":1},"colSpan":1,"jsonClass":"TableCell","item":{"extras":{"crTool":{"name":"description_txt","_value":"<p>Description</p>","hideTitle":true,"guideNodeClass":"guideTextDraw","sling:resourceType":"fd/af/components/guidetextdraw","flamingo_keywords":["description"],"colspan":"1"}},"confidences":{"TextBlock":1},"layout":{"jsonClass":"FullWidth$"},"name":"Cell2","jsonClass":"TextBlock","textRuns":[{"extras":{},"color":"rgb(0,0,0)","bold":false,"superScript":false,"glyphs":[],"richText":"Description","confidences":{"TextRun":1},"subScript":false,"underline":false,"text":"Description","fontSize":"11","jsonClass":"TextRun","italic":false,"fontFamily":"Myriad Pro","bounds":{"box":{"x":569,"y":953,"w":147,"h":30},"confidence":0}}],"bounds":{"box":{"x":569,"y":953,"w":147,"h":30},"confidence":0},"id":"_25","category":{"typeOf":"StaticText","confidence":0}},"bounds":{"box":{"x":306.5448818897638,"y":942.7803149606299,"w":672.7724409448819,"h":50},"confidence":0},"id":"9f7a9a87-1e6f-4a3c-a35b-11eb61e0e747","category":{"typeOf":"ColHeaderCell","confidence":0}},{"extras":{},"rowSpan":1,"confidences":{"TableColHeaderCell":1},"colSpan":1,"jsonClass":"TableCell","item":{"extras":{"crTool":{"name":"quantity_txt","_value":"<p>Quantity</p>","hideTitle":true,"guideNodeClass":"guideTextDraw","sling:resourceType":"fd/af/components/guidetextdraw","flamingo_keywords":["quantity"],"colspan":"1"}},"confidences":{"TextBlock":1},"layout":{"jsonClass":"FullWidth$"},"name":"Cell3","jsonClass":"TextBlock","textRuns":[{"extras":{},"color":"rgb(0,0,0)","bold":false,"superScript":false,"glyphs":[],"richText":"Quantity","confidences":{"TextRun":1},"subScript":false,"underline":false,"text":"Quantity","fontSize":"11","jsonClass":"TextRun","italic":false,"fontFamily":"Myriad Pro","bounds":{"box":{"x":1024,"y":953,"w":111,"h":30},"confidence":0}}],"bounds":{"box":{"x":1024,"y":953,"w":111,"h":30},"confidence":0},"id":"_26","category":{"typeOf":"StaticText","confidence":0}},"bounds":{"box":{"x":979.316535433071,"y":942.7803149606299,"w":200,"h":50},"confidence":0},"id":"fa6a5616-5db2-4dde-93a9-641d3ab5c497","category":{"typeOf":"ColHeaderCell","confidence":0}},{"extras":{},"rowSpan":1,"confidences":{"TableColHeaderCell":1},"colSpan":1,"jsonClass":"TableCell","item":{"extras":{"crTool":{"name":"cost_txt","_value":"<p>Cost</p>","hideTitle":true,"guideNodeClass":"guideTextDraw","sling:resourceType":"fd/af/components/guidetextdraw","flamingo_keywords":["cost"],"colspan":"1"}},"confidences":{"TextBlock":1},"layout":{"jsonClass":"FullWidth$"},"name":"Cell4","jsonClass":"TextBlock","textRuns":[{"extras":{},"color":"rgb(0,0,0)","bold":false,"superScript":false,"glyphs":[],"richText":"Cost","confidences":{"TextRun":1},"subScript":false,"underline":false,"text":"Cost","fontSize":"11","jsonClass":"TextRun","italic":false,"fontFamily":"Myriad Pro","bounds":{"box":{"x":1251,"y":953,"w":57,"h":30},"confidence":0}}],"bounds":{"box":{"x":1251,"y":953,"w":57,"h":30},"confidence":0},"id":"_27","category":{"typeOf":"StaticText","confidence":0}},"bounds":{"box":{"x":1179.3165354330708,"y":942.7803149606299,"w":200,"h":50},"confidence":0},"id":"10e97137-a2b4-44f6-aee8-77786243770a","category":{"typeOf":"ColHeaderCell","confidence":0}},{"extras":{},"rowSpan":1,"confidences":{"TableColHeaderCell":1},"colSpan":1,"jsonClass":"TableCell","item":{"extras":{"crTool":{"name":"total_txt","_value":"<p>Total</p>","hideTitle":true,"guideNodeClass":"guideTextDraw","sling:resourceType":"fd/af/components/guidetextdraw","flamingo_keywords":[],"colspan":"1"}},"confidences":{"TextBlock":1},"layout":{"jsonClass":"FullWidth$"},"name":"Cell6","jsonClass":"TextBlock","textRuns":[{"extras":{},"color":"rgb(0,0,0)","bold":false,"superScript":false,"glyphs":[],"richText":"Total","confidences":{"TextRun":1},"subScript":false,"underline":false,"text":"Total","fontSize":"11","jsonClass":"TextRun","italic":false,"fontFamily":"Myriad Pro","bounds":{"box":{"x":1447,"y":953,"w":64,"h":30},"confidence":0}}],"bounds":{"box":{"x":1447,"y":953,"w":64,"h":30},"confidence":0},"id":"_28","category":{"typeOf":"StaticText","confidence":0}},"bounds":{"box":{"x":1379.3165354330708,"y":942.7803149606299,"w":200,"h":50},"confidence":0},"id":"62afde8f-9b9e-46f5-aba0-a5cb506c2fc6","category":{"typeOf":"ColHeaderCell","confidence":0}}],"category":{"typeOf":"HeaderRow","confidence":0},"name":"HeaderRow","id":"_23","extras":{"XfaDomJson":{"maxOccur":"-1"},"crTool":{"name":"HeaderRow","guideNodeClass":"guideTableRow","sling:resourceType":"fd/af/components/tableHeader","maxOccur":"-1"}}},{"jsonClass":"TableRow","bounds":{"box":{"x":160,"y":992.7803149606299,"w":1419.3165354330708,"h":50},"confidence":0},"confidences":{"TableRow":1},"cells":[{"extras":{},"rowSpan":1,"confidences":{"TableBodyCell":1},"colSpan":1,"jsonClass":"TableCell","item":{"extras":{"XfaDomJson":{"_value":"1.00000000","mandatory":"false","visible":"true","jcr:primaryType":"nt:unstructured","enabled":"true","guideNodeClass":"guideNumericBox","sling:resourceType":"fd/af/components/guidenumericbox","dataType":"float"},"crTool":{"enabled":"true","dataType":"float","flamingo_fromXfa":true,"colspan":"1","name":"item","visible":"true","_value":"1.00000000","hideTitle":true,"sling:resourceType":"fd/af/components/guidenumericbox","mandatory":"false","guideNodeClass":"guideNumericBox","jcr:primaryType":"nt:unstructured"}},"confidences":{"Field":1},"layout":{"jsonClass":"FullWidth$"},"name":"lineItem","widgets":[{"jsonClass":"Widget","bounds":{"box":{"x":163.93622047244094,"y":996.7165354330708,"w":138.67244094488188,"h":42.12755905511811},"confidence":0},"confidences":{"Widget":1},"category":{"typeOf":"SingleLine","confidence":0},"extras":{}}],"jsonClass":"Field","bounds":{"box":{"x":163.93622047244094,"y":996.7165354330708,"w":138.67244094488188,"h":42.12755905511811},"confidence":0},"id":"_30","category":{"typeOf":"Numeric","confidence":0}},"bounds":{"box":{"x":163.93622047244094,"y":996.7165354330708,"w":138.67244094488188,"h":42.12755905511811},"confidence":0},"id":"01adc187-09ba-4831-a945-fe7aaed730c6","category":{"typeOf":"BodyCell","confidence":0}},{"extras":{},"rowSpan":1,"confidences":{"TableBodyCell":1},"colSpan":1,"jsonClass":"TableCell","item":{"extras":{"XfaDomJson":{"mandatory":"false","visible":"true","jcr:primaryType":"nt:unstructured","flamingo_bindRef":"/rentalAgreement/rental/Row[*]/description","enabled":"true","guideNodeClass":"guideTextBox","sling:resourceType":"fd/af/components/guidetextbox"},"crTool":{"enabled":"true","flamingo_fromXfa":true,"colspan":"1","name":"description","visible":"true","flamingo_bindRef":"/rental/Row[*]/description","hideTitle":true,"bindRef":"/rental/Row/description","sling:resourceType":"fd/af/components/guidetextbox","mandatory":"false","guideNodeClass":"guideTextBox","jcr:primaryType":"nt:unstructured"}},"confidences":{"Field":1},"layout":{"jsonClass":"FullWidth$"},"name":"description","widgets":[{"jsonClass":"Widget","bounds":{"box":{"x":310.4803149606299,"y":996.7165354330708,"w":664.9000000000001,"h":42.12755905511811},"confidence":0},"confidences":{"Widget":1},"category":{"typeOf":"SingleLine","confidence":0},"extras":{}}],"jsonClass":"Field","bounds":{"box":{"x":310.4803149606299,"y":996.7165354330708,"w":664.9000000000001,"h":42.12755905511811},"confidence":0},"id":"_31","category":{"typeOf":"Text","confidence":0}},"bounds":{"box":{"x":310.48110236220475,"y":996.7165354330708,"w":664.9,"h":42.12755905511811},"confidence":0},"id":"f9ebdc41-6040-4a9b-aec7-d3fe8af707e9","category":{"typeOf":"BodyCell","confidence":0}},{"extras":{},"rowSpan":1,"confidences":{"TableBodyCell":1},"colSpan":1,"jsonClass":"TableCell","item":{"extras":{"XfaDomJson":{"mandatory":"false","visible":"true","jcr:primaryType":"nt:unstructured","flamingo_bindRef":"/rentalAgreement/rental/Row[*]/quantity","enabled":"true","guideNodeClass":"guideNumericBox","sling:resourceType":"fd/af/components/guidenumericbox","dataType":"float"},"crTool":{"enabled":"true","dataType":"float","flamingo_fromXfa":true,"colspan":"1","name":"quantity","visible":"true","flamingo_bindRef":"/rental/Row[*]/quantity","hideTitle":true,"bindRef":"/rental/Row/quantity","sling:resourceType":"fd/af/components/guidenumericbox","mandatory":"false","guideNodeClass":"guideNumericBox","jcr:primaryType":"nt:unstructured"}},"confidences":{"Field":1},"layout":{"jsonClass":"FullWidth$"},"name":"quantity","widgets":[{"jsonClass":"Widget","bounds":{"box":{"x":983.2527559055119,"y":996.7165354330708,"w":192.12755905511813,"h":42.12755905511811},"confidence":0},"confidences":{"Widget":1},"category":{"typeOf":"SingleLine","confidence":0},"extras":{}}],"jsonClass":"Field","bounds":{"box":{"x":983.2527559055119,"y":996.7165354330708,"w":192.12755905511813,"h":42.12755905511811},"confidence":0},"id":"_32","category":{"typeOf":"Numeric","confidence":0}},"bounds":{"box":{"x":983.2527559055119,"y":996.7165354330708,"w":192.1275590551181,"h":42.12755905511811},"confidence":0},"id":"3140df08-e2da-412a-8292-aa5fffee5ea9","category":{"typeOf":"BodyCell","confidence":0}},{"extras":{},"rowSpan":1,"confidences":{"TableBodyCell":1},"colSpan":1,"jsonClass":"TableCell","item":{"extras":{"XfaDomJson":{"enabled":"true","dataType":"float","displayPictureClause":"num.currency{}","visible":"true","flamingo_bindRef":"/rentalAgreement/rental/Row[*]/cost","sling:resourceType":"fd/af/components/guidenumericbox","mandatory":"false","guideNodeClass":"guideNumericBox","jcr:primaryType":"nt:unstructured"},"crTool":{"enabled":"true","dataType":"float","flamingo_fromXfa":true,"colspan":"1","displayPictureClause":"num.currency{}","name":"cost","visible":"true","flamingo_bindRef":"/rental/Row[*]/cost","hideTitle":true,"bindRef":"/rental/Row/cost","sling:resourceType":"fd/af/components/guidenumericbox","mandatory":"false","guideNodeClass":"guideNumericBox","jcr:primaryType":"nt:unstructured"}},"confidences":{"Field":1},"layout":{"jsonClass":"FullWidth$"},"name":"cost","widgets":[{"jsonClass":"Widget","bounds":{"box":{"x":1183.252755905512,"y":996.7165354330708,"w":192.12755905511813,"h":42.12755905511811},"confidence":0},"confidences":{"Widget":1},"category":{"typeOf":"SingleLine","confidence":0},"extras":{}}],"jsonClass":"Field","bounds":{"box":{"x":1183.252755905512,"y":996.7165354330708,"w":192.12755905511813,"h":42.12755905511811},"confidence":0},"id":"_33","category":{"typeOf":"Numeric","confidence":0}},"bounds":{"box":{"x":1183.252755905512,"y":996.7165354330708,"w":192.1275590551181,"h":42.12755905511811},"confidence":0},"id":"cb83b251-906a-425f-a7d9-4a738fba8a02","category":{"typeOf":"BodyCell","confidence":0}},{"extras":{},"rowSpan":1,"confidences":{"TableBodyCell":1},"colSpan":1,"jsonClass":"TableCell","item":{"extras":{"XfaDomJson":{"enabled":"false","dataType":"decimal","displayPictureClause":"num.currency{}","visible":"true","_value":"0.00","flamingo_bindRef":"/rentalAgreement/rental/Row[*]/total","sling:resourceType":"fd/af/components/guidenumericbox","mandatory":"false","guideNodeClass":"guideNumericBox","jcr:primaryType":"nt:unstructured"},"crTool":{"enabled":"false","dataType":"decimal","flamingo_fromXfa":true,"colspan":"1","displayPictureClause":"num.currency{}","name":"total","visible":"true","_value":"0.00","flamingo_bindRef":"/rental/Row[*]/total","hideTitle":true,"bindRef":"/rental/Row/total","sling:resourceType":"fd/af/components/guidenumericbox","mandatory":"false","guideNodeClass":"guideNumericBox","jcr:primaryType":"nt:unstructured"}},"confidences":{"Field":1},"layout":{"jsonClass":"FullWidth$"},"name":"total","widgets":[{"jsonClass":"Widget","bounds":{"box":{"x":1383.252755905512,"y":996.7165354330708,"w":192.12755905511813,"h":42.12755905511811},"confidence":0},"confidences":{"Widget":1},"category":{"typeOf":"SingleLine","confidence":0},"extras":{}}],"jsonClass":"Field","bounds":{"box":{"x":1383.252755905512,"y":996.7165354330708,"w":192.12755905511813,"h":42.12755905511811},"confidence":0},"id":"_34","category":{"typeOf":"Numeric","confidence":0}},"bounds":{"box":{"x":1383.2527559055118,"y":996.7165354330708,"w":192.1275590551181,"h":42.12755905511811},"confidence":0},"id":"b3e78590-2341-4524-9aa6-36322284a98b","category":{"typeOf":"BodyCell","confidence":0}}],"category":{"typeOf":"BodyRow","confidence":0},"name":"Row","id":"_29","extras":{"XfaDomJson":{"maxOccur":"-1","flamingo_bindRef":"/rentalAgreement/rental/Row[*]"},"crTool":{"name":"Row","flamingo_bindRef":"/rental/Row[*]","guideNodeClass":"guideTableRow","sling:resourceType":"fd/af/components/tableRow","bindRef":"/rental/Row","maxOccur":"-1"}}},{"jsonClass":"TableRow","bounds":{"box":{"x":160,"y":1192.7803149606298,"w":1419.3165354330708,"h":50},"confidence":0},"confidences":{"TableRow":1},"cells":[{"extras":{},"rowSpan":1,"confidences":{"TableFooterCell":1},"colSpan":4,"jsonClass":"TableCell","item":{"extras":{"crTool":{"name":"Cell1_2","_value":"<p><b>Grand Total:</b></p>","hideTitle":true,"guideNodeClass":"guideTextDraw","sling:resourceType":"fd/af/components/guidetextdraw","colspan":"4"}},"confidences":{"TextBlock":1},"layout":{"jsonClass":"FullWidth$"},"name":"Cell1","jsonClass":"TextBlock","textRuns":[{"extras":{},"color":"rgb(0,0,0)","bold":true,"superScript":false,"glyphs":[],"richText":"<b>Grand Total:</b>","confidences":{"TextRun":1},"subScript":false,"underline":false,"text":"Grand Total:","fontSize":"10","jsonClass":"TextRun","italic":false,"fontFamily":"Myriad Pro","bounds":{"box":{"x":1202,"y":1204,"w":153,"h":28},"confidence":0}}],"bounds":{"box":{"x":1202,"y":1204,"w":153,"h":28},"confidence":0},"id":"_54","category":{"typeOf":"StaticText","confidence":0}},"bounds":{"box":{"x":160,"y":1192.7803149606298,"w":1219.3165354330708,"h":50},"confidence":0},"id":"4fdaa0c9-c4fb-4942-bf61-772145b1df36","category":{"typeOf":"FooterCell","confidence":0}},{"extras":{},"rowSpan":1,"confidences":{"TableFooterCell":1},"colSpan":1,"jsonClass":"TableCell","item":{"extras":{"XfaDomJson":{"enabled":"false","dataType":"decimal","displayPictureClause":"num.currency{}","visible":"true","_value":"0.00","sling:resourceType":"fd/af/components/guidenumericbox","mandatory":"false","guideNodeClass":"guideNumericBox","jcr:primaryType":"nt:unstructured"},"crTool":{"enabled":"false","dataType":"decimal","flamingo_fromXfa":true,"colspan":"1","displayPictureClause":"num.currency{}","name":"grandTotal","visible":"true","_value":"0.00","hideTitle":true,"sling:resourceType":"fd/af/components/guidenumericbox","mandatory":"false","guideNodeClass":"guideNumericBox","jcr:primaryType":"nt:unstructured"}},"confidences":{"Field":1},"layout":{"jsonClass":"FullWidth$"},"name":"grandTotal","widgets":[{"jsonClass":"Widget","bounds":{"box":{"x":1387.192125984252,"y":1200.6551181102361,"w":184.2503937007874,"h":34.250393700787406},"confidence":0},"confidences":{"Widget":1},"category":{"typeOf":"SingleLine","confidence":0},"extras":{}}],"jsonClass":"Field","bounds":{"box":{"x":1387.192125984252,"y":1200.6551181102361,"w":184.2503937007874,"h":34.250393700787406},"confidence":0},"id":"_55","category":{"typeOf":"Numeric","confidence":0}},"bounds":{"box":{"x":1387.1913385826772,"y":1200.6551181102361,"w":184.2503937007874,"h":34.2503937007874},"confidence":0},"id":"614e4c55-507e-4ad2-8dfb-98477cb74f77","category":{"typeOf":"FooterCell","confidence":0}}],"category":{"typeOf":"FooterRow","confidence":0},"name":"FooterRow","id":"_53","extras":{"XfaDomJson":{"maxOccur":"-1"},"crTool":{"name":"FooterRow","guideNodeClass":"guideTableRow","sling:resourceType":"fd/af/components/tableRow","maxOccur":"-1"}}}],"id":"_22"}],"extras":{"PREDICTED_SECTION":true,"crTool":{"name":"details_cras_mattis_tellus","guideNodeClass":"guidePanel","sling:resourceType":"fd/af/components/panel"}},"layout":{"jsonClass":"FullWidth$"}},{"jsonClass":"Section","bounds":{"box":{"x":324,"y":1265,"w":955,"h":253}},"confidences":{"Section":1},"id":"bd24779e-8d18-4fc9-bb18-2bd9d80ba177","children":[],"extras":{"crTool":{"name":"rules_conditions","guideNodeClass":"guidePanel","sling:resourceType":"fd/af/components/panel","flamingo_fromXfa":true,"operation":{"type":"DELETE","timestamp":1692381116490,"saveAsFrom":[]},"description":"","fragRef":""}},"layout":{"jsonClass":"FullWidth$"},"title":{"textBlock":{"bounds":{"box":{"x":324,"y":1265,"w":955,"h":253}},"id":"3d7dd461-53b0-42f5-813d-3be10fbeade7","jsonClass":"TextBlock","extras":{"crTool":{"name":"","guideNodeClass":"guideTextDraw","sling:resourceType":"fd/af/components/guidetextdraw","operation":{"type":"NONE","timestamp":1692381116490,"saveAsFrom":[]}}},"textRuns":[{"bounds":{"box":{"x":324,"y":1265,"w":955,"h":253}},"id":"9f361d79-742d-42a9-a30d-55215d99f9d5","jsonClass":"TextRun","extras":{"crTool":{"name":"","guideNodeClass":"","sling:resourceType":"","operation":{"type":"NONE","timestamp":1692381116490,"saveAsFrom":[]}}},"text":"","richText":""}]}}}],"extras":{"XfaDomJson":{},"FromXfa":true,"PREDICTED_SECTION":true,"crTool":{"name":"section3","guideNodeClass":"guidePanel","sling:resourceType":"fd/af/components/panel","flamingo_fromXfa":true}},"layout":{"jsonClass":"FullWidth$"}},{"extras":{"crTool":{"enabled":"false","dataType":"float","operation":{"type":"DELETE","timestamp":1692381091458,"saveAsFrom":[]},"flamingo_fromXfa":true,"isRequired":false,"isFloatingField":true,"name":"text_field","visible":"false","_value":"1.00000000","multiSelect":false,"jcr:title":"Text Field","sling:resourceType":"fd/af/components/guidenumericbox","mandatory":"false","guideNodeClass":"guideNumericBox","jcr:primaryType":"nt:unstructured"}},"confidences":{"Field":1},"layout":{"jsonClass":"FullWidth$"},"name":"PageCount","widgets":[{"jsonClass":"Widget","bounds":{"box":{"x":1125.355905511811,"y":1607.8748031496064,"w":259.8417322834645,"h":43.30551181102362},"confidence":0},"confidences":{"Widget":1},"category":{"typeOf":"SingleLine","confidence":0},"extras":{}}],"jsonClass":"Field","bounds":{"box":{"x":968,"y":1607.8748031496064,"w":417.19763779527557,"h":43.30551181102351}},"title":{"textBlock":{"jsonClass":"TextBlock","bounds":{"box":{"x":968,"y":1620,"w":123,"h":26},"confidence":0},"confidences":{"TextBlock":1},"id":"81828086-4f90-4a25-bdc6-210264d3efda","category":{"typeOf":"Caption","confidence":0},"textRuns":[{"extras":{},"color":"rgb(0,0,0)","bold":false,"superScript":false,"glyphs":[],"richText":"Text Field","confidences":{"TextRun":1},"subScript":false,"underline":false,"text":"Text Field","fontSize":"11","jsonClass":"TextRun","italic":false,"fontFamily":"Myriad Pro","bounds":{"box":{"x":968,"y":1620,"w":123,"h":26},"confidence":0}}],"extras":{},"layout":{"jsonClass":"FullWidth$"}},"confidence":0},"id":"xfa[0].form[0].rentalAgreement[0].pageSet[0]PageArea1_6","category":{"typeOf":"Numeric","confidence":0}},{"extras":{"crTool":{"enabled":"false","dataType":"float","operation":{"type":"DELETE","timestamp":1692381086578,"saveAsFrom":[]},"flamingo_fromXfa":true,"isRequired":false,"isFloatingField":true,"name":"text_field1","visible":"false","_value":"1.00000000","multiSelect":false,"jcr:title":"Text Field","sling:resourceType":"fd/af/components/guidenumericbox","mandatory":"false","guideNodeClass":"guideNumericBox","jcr:primaryType":"nt:unstructured"}},"confidences":{"Field":1},"layout":{"jsonClass":"FullWidth$"},"name":"CurrentPage","widgets":[{"jsonClass":"Widget","bounds":{"box":{"x":1125.355905511811,"y":1607.8748031496064,"w":259.8417322834645,"h":43.30551181102362},"confidence":0},"confidences":{"Widget":1},"category":{"typeOf":"SingleLine","confidence":0},"extras":{}}],"jsonClass":"Field","bounds":{"box":{"x":968,"y":1607.8748031496064,"w":417.19763779527557,"h":43.30551181102351}},"title":{"textBlock":{"jsonClass":"TextBlock","bounds":{"box":{"x":968,"y":1620,"w":123,"h":26},"confidence":0},"confidences":{"TextBlock":1},"id":"5a10e3b5-4509-4ccf-b3b5-c4db343a34fb","category":{"typeOf":"Caption","confidence":0},"textRuns":[{"extras":{},"color":"rgb(0,0,0)","bold":false,"superScript":false,"glyphs":[],"richText":"Text Field","confidences":{"TextRun":1},"subScript":false,"underline":false,"text":"Text Field","fontSize":"11","jsonClass":"TextRun","italic":false,"fontFamily":"Myriad Pro","bounds":{"box":{"x":968,"y":1620,"w":123,"h":26},"confidence":0}}],"extras":{},"layout":{"jsonClass":"FullWidth$"}},"confidence":0},"id":"xfa[0].form[0].rentalAgreement[0].pageSet[0]PageArea1_5","category":{"typeOf":"Numeric","confidence":0}}],"extras":{"PREDICTED_SECTION":true,"crTool":{"name":"panel2","guideNodeClass":"guidePanel","sling:resourceType":"fd/af/components/panel","jcr:title":"Panel 3"}},"layout":{"jsonClass":"FullWidth$"}}],"id":"79719d88-37ce-4b2a-8904-75977ae23ea5","extras":{"crTool":{"guideNodeClass":"guidePanel","sling:resourceType":"fd/af/components/panel","operation":{"type":"NONE","timestamp":1692381137848,"saveAsFrom":[]},"description":"","fragRef":"","isVisited":true,"timespent":1.9028833333333333,"isSubmitted":true}},"bounds":{"box":{"x":0,"y":0,"w":1,"h":1}}}],"meta":{"conversionStatus":"Converting...  90%","formTitle":"WKND Rental Agreement (CH)","noOfPages":1},"fragments":[]}