<?xml version="1.0" encoding="UTF-8"?>
<jcr:root xmlns:sling="http://sling.apache.org/jcr/sling/1.0" xmlns:fdm="http://www.adobe.com/aemfd/fdm/1.0" xmlns:jcr="http://www.jcp.org/jcr/1.0" xmlns:nt="http://www.jcp.org/jcr/nt/1.0"
    jcr:primaryType="sling:Folder">
    <jcr:content
        jcr:primaryType="nt:unstructured"
        name="petestraining"
        rendition.handler.id="fdm.structure"
        title="PetesTraining">
        <definitions jcr:primaryType="nt:unstructured">
            <sku
                fdm:binaryEntity="{Boolean}false"
                fdm:bindRef="sku"
                fdm:defaultBinaryEntity="{Boolean}false"
                fdm:genericOperationAllowed="{Boolean}true"
                fdm:rootEntity="{Boolean}true"
                fdm:schemaName="wknd"
                fdm:source="source1"
                jcr:primaryType="nt:unstructured"
                id="sku"
                name="sku"
                required="[id]">
                <links jcr:primaryType="nt:unstructured"/>
                <properties jcr:primaryType="nt:unstructured">
                    <id
                        fdm:bindRef="id"
                        fdm:computed="{Boolean}false"
                        fdm:nullable="{Boolean}false"
                        fdm:primaryKey="{Boolean}true"
                        fdm:protected="{Boolean}false"
                        fdm:required="{Boolean}true"
                        jcr:primaryType="nt:unstructured"
                        format="int32"
                        name="id"
                        title="id"
                        type="integer"/>
                    <sku
                        fdm:bindRef="sku"
                        fdm:computed="{Boolean}false"
                        fdm:nullable="{Boolean}true"
                        fdm:primaryKey="{Boolean}false"
                        fdm:protected="{Boolean}false"
                        fdm:required="{Boolean}false"
                        jcr:primaryType="nt:unstructured"
                        maxLength="{Double}45.0"
                        name="sku"
                        title="sku"
                        type="string"/>
                    <description
                        fdm:bindRef="description"
                        fdm:computed="{Boolean}false"
                        fdm:nullable="{Boolean}true"
                        fdm:primaryKey="{Boolean}false"
                        fdm:protected="{Boolean}false"
                        fdm:required="{Boolean}false"
                        jcr:primaryType="nt:unstructured"
                        maxLength="{Double}45.0"
                        name="description"
                        title="description"
                        type="string"/>
                    <unit
                        fdm:bindRef="unit"
                        fdm:computed="{Boolean}false"
                        fdm:nullable="{Boolean}true"
                        fdm:primaryKey="{Boolean}false"
                        fdm:protected="{Boolean}false"
                        fdm:required="{Boolean}false"
                        jcr:primaryType="nt:unstructured"
                        maxLength="{Double}45.0"
                        name="unit"
                        title="unit"
                        type="string"/>
                    <cost
                        fdm:bindRef="cost"
                        fdm:computed="{Boolean}false"
                        fdm:nullable="{Boolean}true"
                        fdm:primaryKey="{Boolean}false"
                        fdm:protected="{Boolean}false"
                        fdm:required="{Boolean}false"
                        jcr:primaryType="nt:unstructured"
                        format="double"
                        name="cost"
                        title="cost"
                        type="number"/>
                    <Note
                        fdm:bindRef="Note"
                        fdm:computed="{Boolean}false"
                        fdm:nullable="{Boolean}true"
                        fdm:primaryKey="{Boolean}false"
                        fdm:protected="{Boolean}false"
                        fdm:required="{Boolean}false"
                        jcr:primaryType="nt:unstructured"
                        maxLength="{Double}256.0"
                        name="Note"
                        title="Note"
                        type="string"/>
                </properties>
            </sku>
        </definitions>
        <links jcr:primaryType="nt:unstructured">
            <get
                fdm:source="source1"
                jcr:primaryType="nt:unstructured"
                description="fetch specified table data "
                genericOperation="{Boolean}true"
                id="get"
                method="GET"
                name="get"
                rel="sku">
                <fdm:data jcr:primaryType="nt:unstructured"/>
                <schema
                    fdm:bindRef="schema"
                    fdm:computed="{Boolean}false"
                    fdm:nullable="{Boolean}true"
                    fdm:primaryKey="{Boolean}false"
                    fdm:protected="{Boolean}false"
                    fdm:required="{Boolean}false"
                    jcr:primaryType="nt:unstructured"
                    name="schema">
                    <properties jcr:primaryType="nt:unstructured"/>
                </schema>
                <targetSchema
                    fdm:bindRef="sku"
                    fdm:computed="{Boolean}false"
                    fdm:nullable="{Boolean}true"
                    fdm:primaryKey="{Boolean}false"
                    fdm:protected="{Boolean}false"
                    fdm:required="{Boolean}false"
                    jcr:primaryType="nt:unstructured"
                    name="sku"
                    type="array">
                    <items
                        jcr:primaryType="nt:unstructured"
                        _x0024_ref="sku"
                        type="object"/>
                </targetSchema>
            </get>
        </links>
        <properties jcr:primaryType="nt:unstructured">
            <sku
                fdm:computed="{Boolean}false"
                fdm:nullable="{Boolean}true"
                fdm:protected="{Boolean}false"
                fdm:required="{Boolean}false"
                jcr:primaryType="nt:unstructured"
                _x0024_ref="sku"
                name="sku"/>
        </properties>
    </jcr:content>
</jcr:root>
