<?xml version="1.0" encoding="UTF-8"?>
<jcr:root xmlns:sling="http://sling.apache.org/jcr/sling/1.0" xmlns:fdm="http://www.adobe.com/aemfd/fdm/1.0" xmlns:jcr="http://www.jcp.org/jcr/1.0" xmlns:nt="http://www.jcp.org/jcr/nt/1.0"
    jcr:primaryType="sling:Folder">
    <jcr:content
        jcr:primaryType="nt:unstructured"
        name="wknd"
        rendition.handler.id="fdm.structure"
        title="WKND">
        <definitions jcr:primaryType="nt:unstructured">
            <clientdata
                fdm:binaryEntity="{Boolean}false"
                fdm:bindRef="clientdata"
                fdm:defaultBinaryEntity="{Boolean}false"
                fdm:genericOperationAllowed="{Boolean}true"
                fdm:rootEntity="{Boolean}true"
                fdm:schemaName="wknd"
                fdm:source="source1"
                jcr:primaryType="nt:unstructured"
                id="clientdata"
                name="clientdata"
                title="Client Data">
                <links jcr:primaryType="nt:unstructured">
                    <get_1664313188294
                        fdm:source="source1"
                        jcr:primaryType="nt:unstructured"
                        description="fetch specified table data "
                        genericOperation="{Boolean}true"
                        id="get_1664313188294"
                        method="GET"
                        name="get"
                        rel="transactions">
                        <fdm:data
                            jcr:primaryType="nt:unstructured"
                            accountNumber="${dataset.clientdata.AccountNumber}"/>
                        <schema
                            fdm:bindRef="schema"
                            fdm:computed="{Boolean}false"
                            fdm:nullable="{Boolean}true"
                            fdm:primaryKey="{Boolean}false"
                            fdm:protected="{Boolean}false"
                            fdm:required="{Boolean}false"
                            jcr:primaryType="nt:unstructured"
                            name="schema"
                            type="object">
                            <properties jcr:primaryType="nt:unstructured">
                                <accountNumber
                                    fdm:bindRef="accountNumber"
                                    fdm:computed="{Boolean}false"
                                    fdm:nullable="{Boolean}true"
                                    fdm:primaryKey="{Boolean}false"
                                    fdm:protected="{Boolean}false"
                                    fdm:required="{Boolean}true"
                                    jcr:primaryType="nt:unstructured"
                                    default="Active"
                                    description=""
                                    maxLength="{Double}45.0"
                                    name="accountNumber"
                                    title="accountNumber"
                                    type="string"/>
                            </properties>
                        </schema>
                        <targetSchema
                            fdm:bindRef="rentals"
                            fdm:computed="{Boolean}false"
                            fdm:nullable="{Boolean}true"
                            fdm:primaryKey="{Boolean}false"
                            fdm:protected="{Boolean}false"
                            fdm:required="{Boolean}false"
                            jcr:primaryType="nt:unstructured"
                            name="rentals"
                            type="array">
                            <items
                                fdm:binaryEntity="{Boolean}false"
                                fdm:bindRef="items"
                                fdm:defaultBinaryEntity="{Boolean}false"
                                fdm:genericOperationAllowed="{Boolean}false"
                                fdm:rootEntity="{Boolean}true"
                                jcr:primaryType="nt:unstructured"
                                _x0024_ref="rentals"
                                name="items"
                                type="object">
                                <links jcr:primaryType="nt:unstructured"/>
                            </items>
                        </targetSchema>
                    </get_1664313188294>
                    <get_1664313316258
                        fdm:source="source1"
                        jcr:primaryType="nt:unstructured"
                        description="fetch specified table data "
                        genericOperation="{Boolean}true"
                        id="get_1664313316258"
                        method="GET"
                        name="get"
                        rel="self">
                        <fdm:data
                            jcr:primaryType="nt:unstructured"
                            AccountNumber="${request.attribute.accountNumber}"/>
                        <schema
                            fdm:bindRef="schema"
                            fdm:computed="{Boolean}false"
                            fdm:nullable="{Boolean}true"
                            fdm:primaryKey="{Boolean}false"
                            fdm:protected="{Boolean}false"
                            fdm:required="{Boolean}false"
                            jcr:primaryType="nt:unstructured"
                            name="schema"
                            type="object">
                            <properties jcr:primaryType="nt:unstructured">
                                <AccountNumber
                                    fdm:bindRef="AccountNumber"
                                    fdm:computed="{Boolean}false"
                                    fdm:nullable="{Boolean}true"
                                    fdm:primaryKey="{Boolean}false"
                                    fdm:protected="{Boolean}false"
                                    fdm:required="{Boolean}true"
                                    jcr:primaryType="nt:unstructured"
                                    default="Active"
                                    description=""
                                    maxLength="{Double}45.0"
                                    name="AccountNumber"
                                    title="AccountNumber"
                                    type="string"/>
                            </properties>
                        </schema>
                        <targetSchema
                            fdm:bindRef="clientdata"
                            fdm:computed="{Boolean}false"
                            fdm:nullable="{Boolean}true"
                            fdm:primaryKey="{Boolean}false"
                            fdm:protected="{Boolean}false"
                            fdm:required="{Boolean}false"
                            jcr:primaryType="nt:unstructured"
                            _x0024_ref="clientdata"
                            name="clientdata"
                            type="object"/>
                    </get_1664313316258>
                </links>
                <properties jcr:primaryType="nt:unstructured">
                    <AccountNumber
                        fdm:bindRef="AccountNumber"
                        fdm:computed="{Boolean}false"
                        fdm:nullable="{Boolean}true"
                        fdm:primaryKey="{Boolean}false"
                        fdm:protected="{Boolean}false"
                        fdm:required="{Boolean}false"
                        jcr:primaryType="nt:unstructured"
                        maxLength="{Double}45.0"
                        name="AccountNumber"
                        title="AccountNumber"
                        type="string"/>
                    <Status
                        fdm:bindRef="Status"
                        fdm:computed="{Boolean}false"
                        fdm:nullable="{Boolean}true"
                        fdm:primaryKey="{Boolean}false"
                        fdm:protected="{Boolean}false"
                        fdm:required="{Boolean}false"
                        jcr:primaryType="nt:unstructured"
                        maxLength="{Double}45.0"
                        name="Status"
                        title="Status"
                        type="string"/>
                    <Type
                        fdm:bindRef="Type"
                        fdm:computed="{Boolean}false"
                        fdm:nullable="{Boolean}true"
                        fdm:primaryKey="{Boolean}false"
                        fdm:protected="{Boolean}false"
                        fdm:required="{Boolean}false"
                        jcr:primaryType="nt:unstructured"
                        maxLength="{Double}45.0"
                        name="Type"
                        title="Type"
                        type="string"/>
                    <FirstName
                        fdm:bindRef="FirstName"
                        fdm:computed="{Boolean}false"
                        fdm:nullable="{Boolean}true"
                        fdm:primaryKey="{Boolean}false"
                        fdm:protected="{Boolean}false"
                        fdm:required="{Boolean}false"
                        jcr:primaryType="nt:unstructured"
                        maxLength="{Double}45.0"
                        name="FirstName"
                        title="FirstName"
                        type="string"/>
                    <LastName
                        fdm:bindRef="LastName"
                        fdm:computed="{Boolean}false"
                        fdm:nullable="{Boolean}true"
                        fdm:primaryKey="{Boolean}false"
                        fdm:protected="{Boolean}false"
                        fdm:required="{Boolean}false"
                        jcr:primaryType="nt:unstructured"
                        maxLength="{Double}45.0"
                        name="LastName"
                        title="LastName"
                        type="string"/>
                    <Address
                        fdm:bindRef="Address"
                        fdm:computed="{Boolean}false"
                        fdm:nullable="{Boolean}true"
                        fdm:primaryKey="{Boolean}false"
                        fdm:protected="{Boolean}false"
                        fdm:required="{Boolean}false"
                        jcr:primaryType="nt:unstructured"
                        maxLength="{Double}45.0"
                        name="Address"
                        title="Address"
                        type="string"/>
                    <City
                        fdm:bindRef="City"
                        fdm:computed="{Boolean}false"
                        fdm:nullable="{Boolean}true"
                        fdm:primaryKey="{Boolean}false"
                        fdm:protected="{Boolean}false"
                        fdm:required="{Boolean}false"
                        jcr:primaryType="nt:unstructured"
                        maxLength="{Double}45.0"
                        name="City"
                        title="City"
                        type="string"/>
                    <StateProv
                        fdm:bindRef="StateProv"
                        fdm:computed="{Boolean}false"
                        fdm:nullable="{Boolean}true"
                        fdm:primaryKey="{Boolean}false"
                        fdm:protected="{Boolean}false"
                        fdm:required="{Boolean}false"
                        jcr:primaryType="nt:unstructured"
                        maxLength="{Double}45.0"
                        name="StateProv"
                        title="StateProv"
                        type="string"/>
                    <Country
                        fdm:bindRef="Country"
                        fdm:computed="{Boolean}false"
                        fdm:nullable="{Boolean}true"
                        fdm:primaryKey="{Boolean}false"
                        fdm:protected="{Boolean}false"
                        fdm:required="{Boolean}false"
                        jcr:primaryType="nt:unstructured"
                        maxLength="{Double}45.0"
                        name="Country"
                        title="Country"
                        type="string"/>
                    <PostalZip
                        fdm:bindRef="PostalZip"
                        fdm:computed="{Boolean}false"
                        fdm:nullable="{Boolean}true"
                        fdm:primaryKey="{Boolean}false"
                        fdm:protected="{Boolean}false"
                        fdm:required="{Boolean}false"
                        jcr:primaryType="nt:unstructured"
                        maxLength="{Double}45.0"
                        name="PostalZip"
                        title="PostalZip"
                        type="string"/>
                    <Phone
                        fdm:bindRef="Phone"
                        fdm:computed="{Boolean}false"
                        fdm:nullable="{Boolean}true"
                        fdm:primaryKey="{Boolean}false"
                        fdm:protected="{Boolean}false"
                        fdm:required="{Boolean}false"
                        jcr:primaryType="nt:unstructured"
                        maxLength="{Double}45.0"
                        name="Phone"
                        title="Phone"
                        type="string"/>
                    <EmailAddress
                        fdm:bindRef="EmailAddress"
                        fdm:computed="{Boolean}false"
                        fdm:nullable="{Boolean}true"
                        fdm:primaryKey="{Boolean}false"
                        fdm:protected="{Boolean}false"
                        fdm:required="{Boolean}false"
                        jcr:primaryType="nt:unstructured"
                        maxLength="{Double}45.0"
                        name="EmailAddress"
                        title="EmailAddress"
                        type="string"/>
                    <regDate
                        fdm:bindRef="regDate"
                        fdm:computed="{Boolean}false"
                        fdm:nullable="{Boolean}true"
                        fdm:primaryKey="{Boolean}false"
                        fdm:protected="{Boolean}false"
                        fdm:required="{Boolean}false"
                        jcr:primaryType="nt:unstructured"
                        format="date-time"
                        name="regDate"
                        title="regDate"
                        type="string"/>
                    <Note
                        fdm:bindRef="Note"
                        fdm:computed="{Boolean}false"
                        fdm:nullable="{Boolean}true"
                        fdm:primaryKey="{Boolean}false"
                        fdm:protected="{Boolean}false"
                        fdm:required="{Boolean}false"
                        jcr:primaryType="nt:unstructured"
                        maxLength="{Double}256.0"
                        name="Note"
                        title="Note"
                        type="string"/>
                    <transactions
                        fdm:bindRef="transactions"
                        fdm:computed="{Boolean}false"
                        fdm:nullable="{Boolean}true"
                        fdm:primaryKey="{Boolean}false"
                        fdm:protected="{Boolean}false"
                        fdm:required="{Boolean}false"
                        jcr:primaryType="nt:unstructured"
                        id="transactions"
                        name="transactions"
                        type="array">
                        <items
                            fdm:binaryEntity="{Boolean}false"
                            fdm:bindRef="items"
                            fdm:defaultBinaryEntity="{Boolean}false"
                            fdm:genericOperationAllowed="{Boolean}false"
                            fdm:rootEntity="{Boolean}true"
                            jcr:primaryType="nt:unstructured"
                            _x0024_ref="rentals"
                            name="items">
                            <links jcr:primaryType="nt:unstructured"/>
                        </items>
                    </transactions>
                </properties>
            </clientdata>
            <rentals
                fdm:binaryEntity="{Boolean}false"
                fdm:bindRef="rentals"
                fdm:defaultBinaryEntity="{Boolean}false"
                fdm:genericOperationAllowed="{Boolean}true"
                fdm:rootEntity="{Boolean}false"
                fdm:schemaName="wknd"
                fdm:source="source1"
                jcr:primaryType="nt:unstructured"
                id="rentals"
                name="rentals">
                <links jcr:primaryType="nt:unstructured"/>
                <properties jcr:primaryType="nt:unstructured">
                    <accountNumber
                        fdm:bindRef="accountNumber"
                        fdm:computed="{Boolean}false"
                        fdm:nullable="{Boolean}true"
                        fdm:primaryKey="{Boolean}false"
                        fdm:protected="{Boolean}false"
                        fdm:required="{Boolean}false"
                        jcr:primaryType="nt:unstructured"
                        maxLength="{Double}45.0"
                        name="accountNumber"
                        title="accountNumber"
                        type="string"/>
                    <rentalDate
                        fdm:bindRef="rentalDate"
                        fdm:computed="{Boolean}false"
                        fdm:nullable="{Boolean}true"
                        fdm:primaryKey="{Boolean}false"
                        fdm:protected="{Boolean}false"
                        fdm:required="{Boolean}false"
                        jcr:primaryType="nt:unstructured"
                        format="date-time"
                        name="rentalDate"
                        title="rentalDate"
                        type="string"/>
                    <description
                        fdm:bindRef="description"
                        fdm:computed="{Boolean}false"
                        fdm:nullable="{Boolean}true"
                        fdm:primaryKey="{Boolean}false"
                        fdm:protected="{Boolean}false"
                        fdm:required="{Boolean}false"
                        jcr:primaryType="nt:unstructured"
                        maxLength="{Double}45.0"
                        name="description"
                        title="description"
                        type="string"/>
                    <cost
                        fdm:bindRef="cost"
                        fdm:computed="{Boolean}false"
                        fdm:nullable="{Boolean}true"
                        fdm:primaryKey="{Boolean}false"
                        fdm:protected="{Boolean}false"
                        fdm:required="{Boolean}false"
                        jcr:primaryType="nt:unstructured"
                        format="double"
                        name="cost"
                        title="cost"
                        type="number"/>
                    <Note
                        fdm:bindRef="Note"
                        fdm:computed="{Boolean}false"
                        fdm:nullable="{Boolean}true"
                        fdm:primaryKey="{Boolean}false"
                        fdm:protected="{Boolean}false"
                        fdm:required="{Boolean}false"
                        jcr:primaryType="nt:unstructured"
                        maxLength="{Double}256.0"
                        name="Note"
                        title="Note"
                        type="string"/>
                    <status
                        fdm:bindRef="status"
                        fdm:computed="{Boolean}false"
                        fdm:nullable="{Boolean}true"
                        fdm:primaryKey="{Boolean}false"
                        fdm:protected="{Boolean}false"
                        fdm:required="{Boolean}false"
                        jcr:primaryType="nt:unstructured"
                        maxLength="{Double}45.0"
                        name="status"
                        title="status"
                        type="string"/>
                </properties>
            </rentals>
            <sku
                fdm:binaryEntity="{Boolean}false"
                fdm:bindRef="sku"
                fdm:defaultBinaryEntity="{Boolean}false"
                fdm:genericOperationAllowed="{Boolean}true"
                fdm:rootEntity="{Boolean}false"
                fdm:schemaName="wknd"
                fdm:source="source1"
                jcr:primaryType="nt:unstructured"
                id="sku"
                name="sku"
                title="SKU Catalog">
                <links jcr:primaryType="nt:unstructured"/>
                <properties jcr:primaryType="nt:unstructured">
                    <sku
                        fdm:bindRef="sku"
                        fdm:computed="{Boolean}false"
                        fdm:nullable="{Boolean}true"
                        fdm:primaryKey="{Boolean}false"
                        fdm:protected="{Boolean}false"
                        fdm:required="{Boolean}false"
                        jcr:primaryType="nt:unstructured"
                        maxLength="{Double}45.0"
                        name="sku"
                        title="sku"
                        type="string"/>
                    <description
                        fdm:bindRef="description"
                        fdm:computed="{Boolean}false"
                        fdm:nullable="{Boolean}true"
                        fdm:primaryKey="{Boolean}false"
                        fdm:protected="{Boolean}false"
                        fdm:required="{Boolean}false"
                        jcr:primaryType="nt:unstructured"
                        maxLength="{Double}45.0"
                        name="description"
                        title="description"
                        type="string"/>
                    <unit
                        fdm:bindRef="unit"
                        fdm:computed="{Boolean}false"
                        fdm:nullable="{Boolean}true"
                        fdm:primaryKey="{Boolean}false"
                        fdm:protected="{Boolean}false"
                        fdm:required="{Boolean}false"
                        jcr:primaryType="nt:unstructured"
                        maxLength="{Double}45.0"
                        name="unit"
                        title="unit"
                        type="string"/>
                    <cost
                        fdm:bindRef="cost"
                        fdm:computed="{Boolean}false"
                        fdm:nullable="{Boolean}true"
                        fdm:primaryKey="{Boolean}false"
                        fdm:protected="{Boolean}false"
                        fdm:required="{Boolean}false"
                        jcr:primaryType="nt:unstructured"
                        format="double"
                        name="cost"
                        title="cost"
                        type="number"/>
                    <Note
                        fdm:bindRef="Note"
                        fdm:computed="{Boolean}false"
                        fdm:nullable="{Boolean}true"
                        fdm:primaryKey="{Boolean}false"
                        fdm:protected="{Boolean}false"
                        fdm:required="{Boolean}false"
                        jcr:primaryType="nt:unstructured"
                        maxLength="{Double}256.0"
                        name="Note"
                        title="Note"
                        type="string"/>
                </properties>
            </sku>
        </definitions>
        <links jcr:primaryType="nt:unstructured">
            <get
                fdm:source="source1"
                jcr:primaryType="nt:unstructured"
                description="fetch specified table data "
                genericOperation="{Boolean}true"
                id="get"
                method="GET"
                name="get"
                rel="clientdata"
                title="Get Client Info">
                <fdm:data jcr:primaryType="nt:unstructured"/>
                <schema
                    fdm:bindRef="schema"
                    fdm:computed="{Boolean}false"
                    fdm:nullable="{Boolean}true"
                    fdm:primaryKey="{Boolean}false"
                    fdm:protected="{Boolean}false"
                    fdm:required="{Boolean}false"
                    jcr:primaryType="nt:unstructured"
                    name="schema"
                    type="object">
                    <properties jcr:primaryType="nt:unstructured">
                        <AccountNumber
                            fdm:bindRef="AccountNumber"
                            fdm:computed="{Boolean}false"
                            fdm:nullable="{Boolean}true"
                            fdm:primaryKey="{Boolean}false"
                            fdm:protected="{Boolean}false"
                            fdm:required="{Boolean}false"
                            jcr:primaryType="nt:unstructured"
                            default=""
                            description=""
                            maxLength="{Double}45.0"
                            name="AccountNumber"
                            title="AccountNumber"
                            type="string"/>
                    </properties>
                </schema>
                <targetSchema
                    fdm:bindRef="clientdata"
                    fdm:computed="{Boolean}false"
                    fdm:nullable="{Boolean}true"
                    fdm:primaryKey="{Boolean}false"
                    fdm:protected="{Boolean}false"
                    fdm:required="{Boolean}false"
                    jcr:primaryType="nt:unstructured"
                    _x0024_ref="clientdata"
                    name="clientdata"
                    type="object"/>
            </get>
            <update
                fdm:source="source1"
                jcr:primaryType="nt:unstructured"
                description="Update the row in specified table"
                genericOperation="{Boolean}true"
                id="update"
                method="POST"
                name="update"
                title="Update Client Record">
                <fdm:data jcr:primaryType="nt:unstructured"/>
                <schema
                    fdm:bindRef="schema"
                    fdm:computed="{Boolean}false"
                    fdm:nullable="{Boolean}true"
                    fdm:primaryKey="{Boolean}false"
                    fdm:protected="{Boolean}false"
                    fdm:required="{Boolean}false"
                    jcr:primaryType="nt:unstructured"
                    name="schema"
                    type="object">
                    <properties jcr:primaryType="nt:unstructured">
                        <clientdata
                            fdm:bindRef="clientdata"
                            fdm:computed="{Boolean}false"
                            fdm:nullable="{Boolean}true"
                            fdm:primaryKey="{Boolean}false"
                            fdm:protected="{Boolean}false"
                            fdm:required="{Boolean}true"
                            jcr:primaryType="nt:unstructured"
                            _x0024_ref="clientdata"
                            name="clientdata"
                            title="Client Data"
                            type="object"/>
                        <AccountNumber
                            fdm:bindRef="AccountNumber"
                            fdm:computed="{Boolean}false"
                            fdm:nullable="{Boolean}true"
                            fdm:primaryKey="{Boolean}false"
                            fdm:protected="{Boolean}false"
                            fdm:required="{Boolean}false"
                            jcr:primaryType="nt:unstructured"
                            default=""
                            description=""
                            maxLength="{Double}45.0"
                            name="AccountNumber"
                            title="AccountNumber"
                            type="string"/>
                    </properties>
                </schema>
                <targetSchema
                    fdm:bindRef="result"
                    fdm:computed="{Boolean}false"
                    fdm:nullable="{Boolean}true"
                    fdm:primaryKey="{Boolean}false"
                    fdm:protected="{Boolean}false"
                    fdm:required="{Boolean}false"
                    jcr:primaryType="nt:unstructured"
                    description="Updated action status"
                    name="result"
                    type="boolean"/>
            </update>
            <insert
                fdm:source="source1"
                jcr:primaryType="nt:unstructured"
                description="Insert new row in specified table"
                genericOperation="{Boolean}true"
                id="insert"
                method="POST"
                name="insert"
                title="Add Client">
                <fdm:data jcr:primaryType="nt:unstructured"/>
                <schema
                    fdm:bindRef="schema"
                    fdm:computed="{Boolean}false"
                    fdm:nullable="{Boolean}true"
                    fdm:primaryKey="{Boolean}false"
                    fdm:protected="{Boolean}false"
                    fdm:required="{Boolean}false"
                    jcr:primaryType="nt:unstructured"
                    name="schema"
                    type="object">
                    <properties jcr:primaryType="nt:unstructured">
                        <clientdata
                            fdm:bindRef="clientdata"
                            fdm:computed="{Boolean}false"
                            fdm:nullable="{Boolean}true"
                            fdm:primaryKey="{Boolean}false"
                            fdm:protected="{Boolean}false"
                            fdm:required="{Boolean}true"
                            jcr:primaryType="nt:unstructured"
                            _x0024_ref="clientdata"
                            default=""
                            description=""
                            name="clientdata"
                            title="Client Data"
                            type="object"/>
                    </properties>
                </schema>
                <targetSchema
                    fdm:bindRef="result"
                    fdm:computed="{Boolean}false"
                    fdm:nullable="{Boolean}true"
                    fdm:primaryKey="{Boolean}false"
                    fdm:protected="{Boolean}false"
                    fdm:required="{Boolean}false"
                    jcr:primaryType="nt:unstructured"
                    description="Insert action status"
                    name="result"
                    type="boolean"/>
            </insert>
            <getAllClients
                fdm:source="source1"
                jcr:primaryType="nt:unstructured"
                description="fetch specified table data "
                genericOperation="{Boolean}true"
                id="getAllClients"
                method="GET"
                name="get"
                rel="clientdata"
                title="Get All Clients by Status">
                <fdm:data jcr:primaryType="nt:unstructured"/>
                <schema
                    fdm:bindRef="schema"
                    fdm:computed="{Boolean}false"
                    fdm:nullable="{Boolean}true"
                    fdm:primaryKey="{Boolean}false"
                    fdm:protected="{Boolean}false"
                    fdm:required="{Boolean}false"
                    jcr:primaryType="nt:unstructured"
                    name="schema"
                    type="object">
                    <properties jcr:primaryType="nt:unstructured">
                        <Status
                            fdm:bindRef="Status"
                            fdm:computed="{Boolean}false"
                            fdm:nullable="{Boolean}true"
                            fdm:primaryKey="{Boolean}false"
                            fdm:protected="{Boolean}false"
                            fdm:required="{Boolean}true"
                            jcr:primaryType="nt:unstructured"
                            default="Active"
                            description=""
                            maxLength="{Double}45.0"
                            name="Status"
                            title="Status"
                            type="string"/>
                    </properties>
                </schema>
                <targetSchema
                    fdm:bindRef="clientdata"
                    fdm:computed="{Boolean}false"
                    fdm:nullable="{Boolean}true"
                    fdm:primaryKey="{Boolean}false"
                    fdm:protected="{Boolean}false"
                    fdm:required="{Boolean}false"
                    jcr:primaryType="nt:unstructured"
                    name="clientdata"
                    type="array">
                    <items
                        fdm:binaryEntity="{Boolean}false"
                        fdm:bindRef="items"
                        fdm:defaultBinaryEntity="{Boolean}false"
                        fdm:genericOperationAllowed="{Boolean}false"
                        fdm:rootEntity="{Boolean}true"
                        jcr:primaryType="nt:unstructured"
                        _x0024_ref="clientdata"
                        name="items"
                        type="object">
                        <links jcr:primaryType="nt:unstructured"/>
                    </items>
                </targetSchema>
            </getAllClients>
            <getSku
                fdm:source="source1"
                jcr:primaryType="nt:unstructured"
                description="fetch specified table data "
                genericOperation="{Boolean}true"
                id="getSku"
                method="GET"
                name="get"
                rel="sku"
                title="getSku">
                <fdm:data jcr:primaryType="nt:unstructured"/>
                <schema
                    fdm:bindRef="schema"
                    fdm:computed="{Boolean}false"
                    fdm:nullable="{Boolean}true"
                    fdm:primaryKey="{Boolean}false"
                    fdm:protected="{Boolean}false"
                    fdm:required="{Boolean}false"
                    jcr:primaryType="nt:unstructured"
                    name="schema"
                    type="object">
                    <properties jcr:primaryType="nt:unstructured">
                        <sku
                            fdm:bindRef="sku"
                            fdm:computed="{Boolean}false"
                            fdm:nullable="{Boolean}true"
                            fdm:primaryKey="{Boolean}false"
                            fdm:protected="{Boolean}false"
                            fdm:required="{Boolean}false"
                            jcr:primaryType="nt:unstructured"
                            default=""
                            description=""
                            maxLength="{Double}45.0"
                            name="sku"
                            title="sku"
                            type="string"/>
                    </properties>
                </schema>
                <targetSchema
                    fdm:bindRef="sku"
                    fdm:computed="{Boolean}false"
                    fdm:nullable="{Boolean}true"
                    fdm:primaryKey="{Boolean}false"
                    fdm:protected="{Boolean}false"
                    fdm:required="{Boolean}false"
                    jcr:primaryType="nt:unstructured"
                    _x0024_ref="sku"
                    name="sku"
                    type="object"/>
            </getSku>
            <getListofSkus
                fdm:source="source1"
                jcr:primaryType="nt:unstructured"
                description="fetch specified table data "
                genericOperation="{Boolean}true"
                id="getListofSkus"
                method="GET"
                name="get"
                rel="sku"
                title="getListofSkus">
                <fdm:data jcr:primaryType="nt:unstructured"/>
                <schema
                    fdm:bindRef="schema"
                    fdm:computed="{Boolean}false"
                    fdm:nullable="{Boolean}true"
                    fdm:primaryKey="{Boolean}false"
                    fdm:protected="{Boolean}false"
                    fdm:required="{Boolean}false"
                    jcr:primaryType="nt:unstructured"
                    name="schema"
                    type="object">
                    <properties jcr:primaryType="nt:unstructured"/>
                </schema>
                <targetSchema
                    fdm:bindRef="sku"
                    fdm:computed="{Boolean}false"
                    fdm:nullable="{Boolean}true"
                    fdm:primaryKey="{Boolean}false"
                    fdm:protected="{Boolean}false"
                    fdm:required="{Boolean}false"
                    jcr:primaryType="nt:unstructured"
                    name="sku"
                    type="array">
                    <items
                        fdm:binaryEntity="{Boolean}false"
                        fdm:bindRef="items"
                        fdm:defaultBinaryEntity="{Boolean}false"
                        fdm:genericOperationAllowed="{Boolean}false"
                        fdm:rootEntity="{Boolean}true"
                        jcr:primaryType="nt:unstructured"
                        _x0024_ref="sku"
                        name="items"
                        type="object">
                        <links jcr:primaryType="nt:unstructured"/>
                    </items>
                </targetSchema>
            </getListofSkus>
            <insertRental
                fdm:source="source1"
                jcr:primaryType="nt:unstructured"
                description="Insert new row in specified table"
                genericOperation="{Boolean}true"
                id="insertRental"
                method="POST"
                name="insert"
                title="Insert New Rental Agreement">
                <fdm:data jcr:primaryType="nt:unstructured"/>
                <schema
                    fdm:bindRef="schema"
                    fdm:computed="{Boolean}false"
                    fdm:nullable="{Boolean}true"
                    fdm:primaryKey="{Boolean}false"
                    fdm:protected="{Boolean}false"
                    fdm:required="{Boolean}false"
                    jcr:primaryType="nt:unstructured"
                    name="schema"
                    type="object">
                    <properties jcr:primaryType="nt:unstructured">
                        <rentals
                            fdm:bindRef="rentals"
                            fdm:computed="{Boolean}false"
                            fdm:nullable="{Boolean}true"
                            fdm:primaryKey="{Boolean}false"
                            fdm:protected="{Boolean}false"
                            fdm:required="{Boolean}true"
                            jcr:primaryType="nt:unstructured"
                            _x0024_ref="rentals"
                            default=""
                            description=""
                            name="rentals"
                            title="rentals"
                            type="object"/>
                    </properties>
                </schema>
                <targetSchema
                    fdm:bindRef="result"
                    fdm:computed="{Boolean}false"
                    fdm:nullable="{Boolean}true"
                    fdm:primaryKey="{Boolean}false"
                    fdm:protected="{Boolean}false"
                    fdm:required="{Boolean}false"
                    jcr:primaryType="nt:unstructured"
                    description="Insert action status"
                    name="result"
                    type="boolean"/>
            </insertRental>
        </links>
        <properties jcr:primaryType="nt:unstructured">
            <clientdata
                fdm:computed="{Boolean}false"
                fdm:nullable="{Boolean}true"
                fdm:protected="{Boolean}false"
                fdm:required="{Boolean}false"
                jcr:primaryType="nt:unstructured"
                _x0024_ref="clientdata"
                name="clientdata"/>
        </properties>
    </jcr:content>
</jcr:root>
