<?xml version="1.0" encoding="UTF-8"?>
<jcr:root xmlns:sling="http://sling.apache.org/jcr/sling/1.0" xmlns:cq="http://www.day.com/jcr/cq/1.0" xmlns:jcr="http://www.jcp.org/jcr/1.0" xmlns:nt="http://www.jcp.org/jcr/nt/1.0"
    jcr:isCheckedOut="{Boolean}false"
    jcr:primaryType="cq:WorkflowModel"
    jcr:uuid="1142b84c-ca5b-41ab-b3b3-a4a46166d1d6"
    sling:resourceType="cq/workflow/components/model"
    description="No Description"
    title="petesDemo">
    <variables jcr:primaryType="nt:unstructured">
        <emailAddress
            jcr:primaryType="nt:unstructured"
            name="emailAddress"
            type="java.lang.String"/>
        <actionTaken
            jcr:primaryType="nt:unstructured"
            name="actionTaken"
            type="java.lang.String"/>
        <attachments
            jcr:primaryType="nt:unstructured"
            name="attachments"
            subType="com.adobe.aemfd.docmanager.Document"
            type="java.util.ArrayList"/>
        <jsonData
            jcr:primaryType="nt:unstructured"
            name="jsonData"
            type="com.google.gson.JsonObject"/>
        <documentPDF
            jcr:primaryType="nt:unstructured"
            name="documentPDF"
            type="com.adobe.aemfd.docmanager.Document"/>
        <agreementName
            jcr:primaryType="nt:unstructured"
            defaultValue="Letter of Offer"
            name="agreementName"
            type="java.lang.String"/>
        <managerID
            jcr:primaryType="nt:unstructured"
            name="managerID"
            type="java.lang.String"/>
        <docData
            jcr:primaryType="nt:unstructured"
            name="docData"
            type="com.adobe.aemfd.docmanager.Document"/>
        <xmlData
            jcr:primaryType="nt:unstructured"
            name="xmlData"
            type="org.w3c.dom.Document"/>
    </variables>
    <metaData
        cq:generatingPage="/conf/global/settings/workflow/models/petesdemo/jcr:content"
        cq:lastModified="{Long}1688585799725"
        cq:lastModifiedBy="admin"
        jcr:primaryType="nt:unstructured"/>
    <nodes jcr:primaryType="nt:unstructured">
        <node0
            jcr:primaryType="cq:WorkflowNode"
            title="Start"
            type="START">
            <metaData jcr:primaryType="nt:unstructured"/>
        </node0>
        <node1
            jcr:primaryType="cq:WorkflowNode"
            title="Process"
            type="PROCESS">
            <metaData
                jcr:primaryType="nt:unstructured"
                PROCESS="/libs/workflow/scripts/startDebug.ecma"
                PROCESS_ARGS="myID=123"
                PROCESS_AUTO_ADVANCE="true"/>
        </node1>
        <node2
            jcr:primaryType="cq:WorkflowNode"
            title="Process"
            type="PROCESS">
            <metaData jcr:primaryType="nt:unstructured"/>
        </node2>
        <node3
            jcr:primaryType="cq:WorkflowNode"
            description="Create and assign a task based on an adaptive form, non-interactive PDF, or interactive communication"
            title="New Employee Review"
            type="PROCESS">
            <metaData
                jcr:primaryType="nt:unstructured"
                ALLOW_OUT_OF_OFFICE="false"
                allowExplicitSharing="false"
                allowInboxSharing="false"
                DELEGATE_TO="workflow-users"
                DOR_COMBINED_PATH="VARIABLE:documentPDF"
                DUEDATE_UNIT="OFF"
                DYNAMIC_ASSIGNEE="[com.adobe.fd.workspace.step.service.VariableParticipantChooser,]"
                FORM_CHOOSER_SERVICE="com.adobe.fd.workflow.api.fdinternal.PayloadFormChooser"
                FORM_RESOLUTION="SERVICE"
                FORM_TYPE="AF"
                HISTORY_DOR="READONLY_AF"
                HTML_EMAIL_TEMPLATE_LOCATION="/libs/fd/dashboard/templates/email/htmlEmailTemplate.txt"
                icDataSourceType="PROVIDEDATADOCUMENT"
                INPUT_COMBINED_DATAXML="VARIABLE:jsonData"
                INPUT_COMBINED_FORM_ATTACHMENTS="VARIABLE:attachments"
                IS_ATTACHMENT_ALLOWED="true"
                IS_COMMENT_ALLOWED="false"
                IS_NEXT_STEP_DATA_ALLOWED="true"
                IS_PREVIOUS_STEP_DATA_ALLOWED="true"
                OUTPUT_COMBINED_DATAXML="VARIABLE:jsonData"
                OUTPUT_COMBINED_FORM_ATTACHMENTS="VARIABLE:attachments"
                PARTICIPANT="workflow-users"
                PROCESS="com.adobe.fd.workspace.step.service.AssignFormStep"
                PROCESS_AUTO_ADVANCE="false"
                PROCESS_PARTICIPANT_TYPE="static"
                PROVIDE_METADATA="false"
                RECIPIENT_EMAIL_RESOLUTION="DEFAULT"
                ROUTE_PROPERTYNAME="actionTaken"
                ROUTES="[{&quot;Route_Label&quot;:&quot;Approve Employee&quot;\,&quot;Route_Icon_Name&quot;:&quot;thumbUp&quot;},{&quot;Route_Label&quot;:&quot;Reject Employee&quot;\,&quot;Route_Icon_Name&quot;:&quot;thumbDown&quot;}]"
                SHOW_ACTION="true"
                SHOW_ASSIGNEE="true"
                SHOW_COMMENT="true"
                SHOW_DOCUMENT_OF_COMPLETED_TASK="true"
                SHOW_PRE_STEP_COMMENT_ATTACHMENT="true"
                SHOW_RESET="false"
                SHOW_SAVE="false"
                SHOW_SUBMIT="false"
                STATIC_ASSIGNEE="admin"
                SUBTYPE="forms:assigntask"
                TASK_PRIORITY="MEDIUM"
                THUMBNAIL_PATH="/content/dam/icons/people.svg"
                TIMEOUT_HANDLER="[,]"
                USER_METADATA_RESOURCE="[,]"
                VARIABLE_ASSIGNEE="managerID"
                WORK_ITEM_TYPE="AF_ASSIGN_STEP"
                workflowStage="[,]"/>
        </node3>
        <node4
            jcr:primaryType="cq:WorkflowNode"
            description="Set value of variables"
            title="Set Variable"
            type="PROCESS">
            <metaData
                jcr:primaryType="nt:unstructured"
                PROCESS="com.adobe.granite.workflow.core.process.SetVariableProcess"
                PROCESS_AUTO_ADVANCE="true"
                variableMappings="\{&quot;variableName&quot;:&quot;emailAddress&quot;,&quot;mappingType&quot;:&quot;JSON_DOT_NOTATION&quot;,&quot;mappingValue&quot;:&quot;jsonData:afData.afBoundData.data.employeeonboarding.emailAddress&quot;}"/>
        </node4>
        <node5
            jcr:primaryType="cq:WorkflowNode"
            title="OR_SPLIT"
            type="OR_SPLIT">
            <metaData jcr:primaryType="nt:unstructured"/>
        </node5>
        <node6
            jcr:primaryType="cq:WorkflowNode"
            title="OR_JOIN"
            type="OR_JOIN">
            <metaData jcr:primaryType="nt:unstructured"/>
        </node6>
        <node7
            jcr:primaryType="cq:WorkflowNode"
            description="Set value of variables"
            title="Set Variable"
            type="PROCESS">
            <metaData
                jcr:primaryType="nt:unstructured"
                PROCESS="com.adobe.granite.workflow.core.process.SetVariableProcess"
                PROCESS_AUTO_ADVANCE="true"/>
        </node7>
        <node8
            jcr:primaryType="cq:WorkflowNode"
            description="Please review this letter of offer.  Set a start date, then submit to send the letter to the recipient for signature."
            title="Review Letter of Offer"
            type="PROCESS">
            <metaData
                jcr:primaryType="nt:unstructured"
                AF_PATH="/content/dam/formsanddocuments/wknd-adventures/documents/wknd-letter-of-offer"
                ALLOW_OUT_OF_OFFICE="false"
                allowExplicitSharing="false"
                allowInboxSharing="false"
                DELEGATE_TO="workflow-users"
                DUEDATE_UNIT="OFF"
                DYNAMIC_ASSIGNEE="[,]"
                FORM_RESOLUTION="PATH"
                FORM_TYPE="CCR_UI"
                HISTORY_DOR="READONLY_AF"
                HTML_EMAIL_TEMPLATE_LOCATION="/libs/fd/dashboard/templates/email/htmlEmailTemplate.txt"
                icDataSourceType="PROVIDEDATADOCUMENT"
                INPUT_COMBINED_DATAJSON="VARIABLE:jsonData"
                IS_ATTACHMENT_ALLOWED="false"
                IS_COMMENT_ALLOWED="false"
                IS_NEXT_STEP_DATA_ALLOWED="true"
                IS_PREVIOUS_STEP_DATA_ALLOWED="true"
                OUTPUT_COMBINED_DATAXML="FOLDER_PAYLOAD:data"
                OUTPUT_COMBINED_FORM_ATTACHMENTS="FOLDER_PAYLOAD:attachments"
                OUTPUTPDF_COMBINED_PATH="FOLDER_PAYLOAD:letter"
                PARTICIPANT="workflow-users"
                PROCESS="com.adobe.fd.workspace.step.service.AssignFormStep"
                PROCESS_AUTO_ADVANCE="false"
                PROCESS_PARTICIPANT_TYPE="static"
                PROVIDE_METADATA="false"
                RECIPIENT_EMAIL_RESOLUTION="DEFAULT"
                ROUTE_PROPERTYNAME="actionTaken"
                SHOW_ACTION="true"
                SHOW_ASSIGNEE="true"
                SHOW_COMMENT="true"
                SHOW_DOCUMENT_OF_COMPLETED_TASK="true"
                SHOW_PRE_STEP_COMMENT_ATTACHMENT="true"
                SHOW_RESET="false"
                SHOW_SAVE="false"
                SHOW_SUBMIT="true"
                STATIC_ASSIGNEE="admin"
                SUBTYPE="forms:assigntask"
                TASK_PRIORITY="MEDIUM"
                THUMBNAIL_PATH="/content/dam/icons/wildlife.svg"
                TIMEOUT_HANDLER="[,]"
                USER_METADATA_RESOURCE="[,]"
                WORK_ITEM_TYPE="AF_ASSIGN_STEP"
                workflowStage="[,]"/>
        </node8>
        <node9
            jcr:primaryType="cq:WorkflowNode"
            description="Invokes specified DDX on the input files and returns the result."
            title="Invoke DDX"
            type="PROCESS">
            <metaData
                jcr:primaryType="nt:unstructured"
                ddx="ABSOLUTE_PATH:/apps/demoForms/workflow/assembler3.ddx"
                inputDocs="[{&quot;inputkey&quot;:&quot;sourcePDF1&quot;\,&quot;sourcePath&quot;:&quot;ABSOLUTE_PATH:/content/dam/wknd-events/Cover.pdf&quot;},{&quot;inputkey&quot;:&quot;sourcePDF2&quot;\,&quot;sourcePath&quot;:&quot;FOLDER_PAYLOAD:letter&quot;},{&quot;inputkey&quot;:&quot;sourcePDF3&quot;\,&quot;sourcePath&quot;:&quot;ABSOLUTE_PATH:/content/dam/wknd-events/About WKND.pdf&quot;}]"
                logLevel="OFF"
                outputDocs="\{&quot;outputkey&quot;:&quot;result&quot;,&quot;outputPath&quot;:&quot;VARIABLE:documentPDF&quot;}"
                PROCESS="com.adobe.fd.workflow.assembler.InvokeDDXProcess"
                PROCESS_AUTO_ADVANCE="true"/>
        </node9>
        <node10
            jcr:primaryType="cq:WorkflowNode"
            description="Sign Document"
            title="Sign Document"
            type="PROCESS">
            <metaData
                jcr:primaryType="nt:unstructured"
                daysUntilSigningDeadline="7"
                FORM_WORK_ITEM_TYPE="ADOBESIGN_STEP"
                inputpath="VARIABLE:documentPDF"
                locale="en_US"
                name="VARIABLE:agreementName"
                PROCESS="com.adobe.fd.workflow.adobesign.impl.AgreementCreation"
                PROCESS_AUTO_ADVANCE="false"
                PROCESS_PERSIST_ANONYMOUS_WORKITEM="true"
                reminderFrequency="WEEKLY_UNTIL_SIGNED"
                signatureFlow="SEQUENTIAL"
                signConfig="/conf/global/settings/cloudconfigs/echosign/wkndsign"
                signerDetails="Static"
                staticSigners="\{&quot;email&quot;:&quot;VARIABLE:emailAddress&quot;,&quot;authenticationType&quot;:&quot;None&quot;,&quot;countryCode&quot;:&quot;&quot;,&quot;phoneNumber&quot;:&quot;&quot;}"
                variableForStatus="status"/>
        </node10>
        <node11
            jcr:primaryType="cq:WorkflowNode"
            description="Set value of variables"
            title="Set Variable"
            type="PROCESS">
            <metaData
                jcr:primaryType="nt:unstructured"
                PROCESS="com.adobe.granite.workflow.core.process.SetVariableProcess"
                PROCESS_AUTO_ADVANCE="true"
                variableMappings="\{&quot;variableName&quot;:&quot;jsonData:afData.afBoundData.data.employeeonboarding.status&quot;,&quot;mappingType&quot;:&quot;LITERAL&quot;,&quot;mappingValue&quot;:&quot;Rejected&quot;}"/>
        </node11>
        <node12
            jcr:primaryType="cq:WorkflowNode"
            description="A no operation process"
            title="No Operation"
            type="PROCESS">
            <metaData
                jcr:primaryType="nt:unstructured"
                PROCESS="/libs/workflow/scripts/noop.ecma"
                PROCESS_AUTO_ADVANCE="true"/>
        </node12>
        <node13
            jcr:primaryType="cq:WorkflowNode"
            description="A no operation process"
            title="Process Complete"
            type="PROCESS">
            <metaData
                jcr:primaryType="nt:unstructured"
                PROCESS="/libs/workflow/scripts/noop.ecma"
                PROCESS_AUTO_ADVANCE="true"/>
        </node13>
        <node14
            jcr:primaryType="cq:WorkflowNode"
            title="End"
            type="END">
            <metaData jcr:primaryType="nt:unstructured"/>
        </node14>
    </nodes>
    <transitions jcr:primaryType="nt:unstructured">
        <node0_x0023_node1
            jcr:primaryType="cq:WorkflowTransition"
            from="node0"
            rule=""
            to="node1">
            <metaData jcr:primaryType="nt:unstructured"/>
        </node0_x0023_node1>
        <node1_x0023_node2
            jcr:primaryType="cq:WorkflowTransition"
            from="node1"
            rule=""
            to="node2">
            <metaData jcr:primaryType="nt:unstructured"/>
        </node1_x0023_node2>
        <node2_x0023_node3
            jcr:primaryType="cq:WorkflowTransition"
            from="node2"
            rule=""
            to="node3">
            <metaData jcr:primaryType="nt:unstructured"/>
        </node2_x0023_node3>
        <node3_x0023_node4
            jcr:primaryType="cq:WorkflowTransition"
            from="node3"
            rule=""
            to="node4">
            <metaData jcr:primaryType="nt:unstructured"/>
        </node3_x0023_node4>
        <node4_x0023_node5
            jcr:primaryType="cq:WorkflowTransition"
            from="node4"
            to="node5">
            <metaData jcr:primaryType="nt:unstructured"/>
        </node4_x0023_node5>
        <node5_x0023_node7
            jcr:primaryType="cq:WorkflowTransition"
            from="node5"
            rule="\{&quot;nodeName&quot;:&quot;ROOT&quot;,&quot;items&quot;:[{&quot;nodeName&quot;:&quot;STATEMENT&quot;,&quot;choice&quot;:{&quot;nodeName&quot;:&quot;CONDITION&quot;,&quot;choice&quot;:{&quot;nodeName&quot;:&quot;COMPARISON_EXPRESSION&quot;,&quot;items&quot;:[{&quot;nodeName&quot;:&quot;EXPRESSION&quot;,&quot;choice&quot;:{&quot;nodeName&quot;:&quot;COMPONENT&quot;,&quot;value&quot;:{&quot;id&quot;:&quot;actionTaken&quot;,&quot;displayName&quot;:&quot;actionTaken&quot;,&quot;type&quot;:&quot;STRING&quot;,&quot;displayPath&quot;:&quot;workflow_variables/actionTaken/&quot;,&quot;name&quot;:&quot;actionTaken&quot;,&quot;parent&quot;:&quot;workflow_variables&quot;}}},{&quot;nodeName&quot;:&quot;OPERATOR&quot;,&quot;choice&quot;:{&quot;nodeName&quot;:&quot;EQUALS_TO&quot;,&quot;value&quot;:null}},{&quot;nodeName&quot;:&quot;EXPRESSION&quot;,&quot;choice&quot;:{&quot;nodeName&quot;:&quot;STRING_LITERAL&quot;,&quot;value&quot;:&quot;Approve Employee&quot;}}]},&quot;nested&quot;:false}}],&quot;isValid&quot;:true,&quot;enabled&quot;:true,&quot;version&quot;:1}"
            to="node7">
            <metaData
                jcr:primaryType="nt:unstructured"
                isDefault="true"/>
        </node5_x0023_node7>
        <node7_x0023_node8
            jcr:primaryType="cq:WorkflowTransition"
            from="node7"
            rule=""
            to="node8">
            <metaData jcr:primaryType="nt:unstructured"/>
        </node7_x0023_node8>
        <node8_x0023_node9
            jcr:primaryType="cq:WorkflowTransition"
            from="node8"
            rule=""
            to="node9">
            <metaData jcr:primaryType="nt:unstructured"/>
        </node8_x0023_node9>
        <node9_x0023_node10
            jcr:primaryType="cq:WorkflowTransition"
            from="node9"
            rule=""
            to="node10">
            <metaData jcr:primaryType="nt:unstructured"/>
        </node9_x0023_node10>
        <node10_x0023_node6
            jcr:primaryType="cq:WorkflowTransition"
            from="node10"
            to="node6">
            <metaData jcr:primaryType="nt:unstructured"/>
        </node10_x0023_node6>
        <node5_x0023_node11
            jcr:primaryType="cq:WorkflowTransition"
            from="node5"
            rule="\{&quot;nodeName&quot;:&quot;ROOT&quot;,&quot;items&quot;:[{&quot;nodeName&quot;:&quot;STATEMENT&quot;,&quot;choice&quot;:{&quot;nodeName&quot;:&quot;CONDITION&quot;,&quot;choice&quot;:{&quot;nodeName&quot;:&quot;COMPARISON_EXPRESSION&quot;,&quot;items&quot;:[{&quot;nodeName&quot;:&quot;EXPRESSION&quot;,&quot;choice&quot;:{&quot;nodeName&quot;:&quot;COMPONENT&quot;,&quot;value&quot;:{&quot;id&quot;:&quot;actionTaken&quot;,&quot;displayName&quot;:&quot;actionTaken&quot;,&quot;type&quot;:&quot;STRING&quot;,&quot;displayPath&quot;:&quot;workflow_variables/actionTaken/&quot;,&quot;name&quot;:&quot;actionTaken&quot;,&quot;parent&quot;:&quot;workflow_variables&quot;}}},{&quot;nodeName&quot;:&quot;OPERATOR&quot;,&quot;choice&quot;:{&quot;nodeName&quot;:&quot;EQUALS_TO&quot;,&quot;value&quot;:null}},{&quot;nodeName&quot;:&quot;EXPRESSION&quot;,&quot;choice&quot;:{&quot;nodeName&quot;:&quot;STRING_LITERAL&quot;,&quot;value&quot;:&quot;Reject Employee&quot;}}]},&quot;nested&quot;:false}}],&quot;isValid&quot;:true,&quot;enabled&quot;:true,&quot;version&quot;:1}"
            to="node11">
            <metaData
                jcr:primaryType="nt:unstructured"
                isDefault="false"/>
        </node5_x0023_node11>
        <node11_x0023_node12
            jcr:primaryType="cq:WorkflowTransition"
            from="node11"
            rule=""
            to="node12">
            <metaData jcr:primaryType="nt:unstructured"/>
        </node11_x0023_node12>
        <node12_x0023_node6
            jcr:primaryType="cq:WorkflowTransition"
            from="node12"
            to="node6">
            <metaData jcr:primaryType="nt:unstructured"/>
        </node12_x0023_node6>
        <node6_x0023_node13
            jcr:primaryType="cq:WorkflowTransition"
            from="node6"
            rule=""
            to="node13">
            <metaData jcr:primaryType="nt:unstructured"/>
        </node6_x0023_node13>
        <node13_x0023_node14
            jcr:primaryType="cq:WorkflowTransition"
            from="node13"
            to="node14">
            <metaData jcr:primaryType="nt:unstructured"/>
        </node13_x0023_node14>
    </transitions>
</jcr:root>
